# semgrep rule manifest — generated by scripts/semgrep-refresh-rules.sh; do not hand-edit.
# registry: https://semgrep.dev/c/auto  snapshot: 2026-09-16  submodule: 40b8c63f75dc7c22c8a77482d73bfb864b146f7e
# <registry rule id>	<rule file inside .semgrep/rules>
bash.curl.security.curl-eval.curl-eval	bash/curl/security/curl-eval.yaml
bash.curl.security.curl-pipe-bash.curl-pipe-bash	bash/curl/security/curl-pipe-bash.yaml
bash.lang.security.ifs-tampering.ifs-tampering	bash/lang/security/ifs-tampering.yaml
c.lang.security.insecure-use-gets-fn.insecure-use-gets-fn	c/lang/security/insecure-use-gets-fn.yaml
c.lang.security.insecure-use-scanf-fn.insecure-use-scanf-fn	c/lang/security/insecure-use-scanf-fn.yaml
c.lang.security.insecure-use-strtok-fn.insecure-use-strtok-fn	c/lang/security/insecure-use-strtok-fn.yaml
c.lang.security.random-fd-exhaustion.random-fd-exhaustion	c/lang/security/random-fd-exhaustion.yaml
clojure.lang.security.documentbuilderfactory-xxe.documentbuilderfactory-xxe	clojure/lang/security/documentbuilderfactory-xxe.yaml
clojure.lang.security.use-of-md5.use-of-md5	clojure/lang/security/use-of-md5.yaml
clojure.lang.security.use-of-sha1.use-of-sha1	clojure/lang/security/use-of-sha1.yaml
csharp.dotnet.security.audit.mass-assignment.mass-assignment	csharp/dotnet/security/audit/mass-assignment.yaml
csharp.dotnet.security.mvc-missing-antiforgery.mvc-missing-antiforgery	csharp/dotnet/security/mvc-missing-antiforgery.yaml
csharp.dotnet.security.net-webconfig-debug.net-webconfig-debug	csharp/dotnet/security/net-webconfig-debug.yaml
csharp.dotnet.security.net-webconfig-trace-enabled.net-webconfig-trace-enabled	csharp/dotnet/security/net-webconfig-trace-enabled.yaml
csharp.dotnet.security.razor-template-injection.razor-template-injection	csharp/dotnet/security/razor-template-injection.yaml
csharp.dotnet.security.use_ecb_mode.use_ecb_mode	csharp/dotnet/security/use_ecb_mode.yaml
csharp.dotnet.security.use_weak_rng_for_keygeneration.use_weak_rng_for_keygeneration	csharp/dotnet/security/use_weak_rng_for_keygeneration.yaml
csharp.dotnet.security.web-config-insecure-cookie-settings.web-config-insecure-cookie-settings	csharp/dotnet/security/web-config-insecure-cookie-settings.yaml
csharp.lang.security.ad.jwt-tokenvalidationparameters-no-expiry-validation.jwt-tokenvalidationparameters-no-expiry-validation	csharp/lang/security/ad/jwt-tokenvalidationparameters-no-expiry-validation.yaml
csharp.lang.security.cryptography.x509-subject-name-validation.X509-subject-name-validation	csharp/lang/security/cryptography/x509-subject-name-validation.yaml
csharp.lang.security.filesystem.unsafe-path-combine.unsafe-path-combine	csharp/lang/security/filesystem/unsafe-path-combine.yaml
csharp.lang.security.http.http-listener-wildcard-bindings.http-listener-wildcard-bindings	csharp/lang/security/http/http-listener-wildcard-bindings.yaml
csharp.lang.security.injections.os-command.os-command-injection	csharp/lang/security/injections/os-command.yaml
csharp.lang.security.insecure-deserialization.binary-formatter.insecure-binaryformatter-deserialization	csharp/lang/security/insecure-deserialization/binary-formatter.yaml
csharp.lang.security.insecure-deserialization.data-contract-resolver.data-contract-resolver	csharp/lang/security/insecure-deserialization/data-contract-resolver.yaml
csharp.lang.security.insecure-deserialization.fast-json.insecure-fastjson-deserialization	csharp/lang/security/insecure-deserialization/fast-json.yaml
csharp.lang.security.insecure-deserialization.fs-pickler.insecure-fspickler-deserialization	csharp/lang/security/insecure-deserialization/fs-pickler.yaml
csharp.lang.security.insecure-deserialization.insecure-typefilterlevel-full.insecure-typefilterlevel-full	csharp/lang/security/insecure-deserialization/insecure-typefilterlevel-full.yaml
csharp.lang.security.insecure-deserialization.javascript-serializer.insecure-javascriptserializer-deserialization	csharp/lang/security/insecure-deserialization/javascript-serializer.yaml
csharp.lang.security.insecure-deserialization.los-formatter.insecure-losformatter-deserialization	csharp/lang/security/insecure-deserialization/los-formatter.yaml
csharp.lang.security.insecure-deserialization.net-data-contract.insecure-netdatacontract-deserialization	csharp/lang/security/insecure-deserialization/net-data-contract.yaml
csharp.lang.security.insecure-deserialization.newtonsoft.insecure-newtonsoft-deserialization	csharp/lang/security/insecure-deserialization/newtonsoft.yaml
csharp.lang.security.insecure-deserialization.soap-formatter.insecure-soapformatter-deserialization	csharp/lang/security/insecure-deserialization/soap-formatter.yaml
csharp.lang.security.memory.memory-marshal-create-span.memory-marshal-create-span	csharp/lang/security/memory/memory-marshal-create-span.yaml
csharp.lang.security.regular-expression-dos.regular-expression-dos-infinite-timeout.regular-expression-dos-infinite-timeout	csharp/lang/security/regular-expression-dos/regular-expression-dos-infinite-timeout.yaml
csharp.lang.security.regular-expression-dos.regular-expression-dos.regular-expression-dos	csharp/lang/security/regular-expression-dos/regular-expression-dos.yaml
csharp.lang.security.sqli.csharp-sqli.csharp-sqli	csharp/lang/security/sqli/csharp-sqli.yaml
csharp.lang.security.ssrf.http-client.ssrf	csharp/lang/security/ssrf/http-client.yaml
csharp.lang.security.ssrf.rest-client.ssrf	csharp/lang/security/ssrf/rest-client.yaml
csharp.lang.security.ssrf.web-client.ssrf	csharp/lang/security/ssrf/web-client.yaml
csharp.lang.security.ssrf.web-request.ssrf	csharp/lang/security/ssrf/web-request.yaml
csharp.lang.security.stacktrace-disclosure.stacktrace-disclosure	csharp/lang/security/stacktrace-disclosure.yaml
csharp.lang.security.xxe.xmldocument-unsafe-parser-override.xmldocument-unsafe-parser-override	csharp/lang/security/xxe/xmldocument-unsafe-parser-override.yaml
csharp.lang.security.xxe.xmlreadersettings-unsafe-parser-override.xmlreadersettings-unsafe-parser-override	csharp/lang/security/xxe/xmlreadersettings-unsafe-parser-override.yaml
csharp.lang.security.xxe.xmltextreader-unsafe-defaults.xmltextreader-unsafe-defaults	csharp/lang/security/xxe/xmltextreader-unsafe-defaults.yaml
dockerfile.audit.dockerfile-pip-extra-index-url.dockerfile-pip-extra-index-url	dockerfile/audit/dockerfile-pip-extra-index-url.yaml
dockerfile.security.dockerd-socket-mount.dockerfile-dockerd-socket-mount	dockerfile/security/dockerd-socket-mount.yaml
dockerfile.security.last-user-is-root.last-user-is-root	dockerfile/security/last-user-is-root.yaml
dockerfile.security.missing-user-entrypoint.missing-user-entrypoint	dockerfile/security/missing-user-entrypoint.yaml
dockerfile.security.missing-user.missing-user	dockerfile/security/missing-user.yaml
dockerfile.security.no-sudo-in-dockerfile.no-sudo-in-dockerfile	dockerfile/security/no-sudo-in-dockerfile.yaml
generic.ci.security.bash-reverse-shell.bash_reverse_shell	generic/ci/security/bash-reverse-shell.yaml
generic.nginx.security.alias-path-traversal.alias-path-traversal	generic/nginx/security/alias-path-traversal.yaml
generic.nginx.security.dynamic-proxy-host.dynamic-proxy-host	generic/nginx/security/dynamic-proxy-host.yaml
generic.nginx.security.dynamic-proxy-scheme.dynamic-proxy-scheme	generic/nginx/security/dynamic-proxy-scheme.yaml
generic.nginx.security.header-injection.header-injection	generic/nginx/security/header-injection.yaml
generic.nginx.security.header-redefinition.header-redefinition	generic/nginx/security/header-redefinition.yaml
generic.nginx.security.insecure-redirect.insecure-redirect	generic/nginx/security/insecure-redirect.yaml
generic.nginx.security.insecure-ssl-version.insecure-ssl-version	generic/nginx/security/insecure-ssl-version.yaml
generic.nginx.security.missing-internal.missing-internal	generic/nginx/security/missing-internal.yaml
generic.nginx.security.missing-ssl-version.missing-ssl-version	generic/nginx/security/missing-ssl-version.yaml
generic.nginx.security.possible-h2c-smuggling.possible-nginx-h2c-smuggling	generic/nginx/security/possible-h2c-smuggling.yaml
generic.secrets.security.detected-amazon-mws-auth-token.detected-amazon-mws-auth-token	generic/secrets/security/detected-amazon-mws-auth-token.yaml
generic.secrets.security.detected-artifactory-password.detected-artifactory-password	generic/secrets/security/detected-artifactory-password.yaml
generic.secrets.security.detected-artifactory-token.detected-artifactory-token	generic/secrets/security/detected-artifactory-token.yaml
generic.secrets.security.detected-aws-access-key-id-value.detected-aws-access-key-id-value	generic/secrets/security/detected-aws-access-key-id-value.yaml
generic.secrets.security.detected-aws-appsync-graphql-key.detected-aws-appsync-graphql-key	generic/secrets/security/detected-aws-appsync-graphql-key.yaml
generic.secrets.security.detected-aws-secret-access-key.detected-aws-secret-access-key	generic/secrets/security/detected-aws-secret-access-key.yaml
generic.secrets.security.detected-aws-session-token.detected-aws-session-token	generic/secrets/security/detected-aws-session-token.yaml
generic.secrets.security.detected-bcrypt-hash.detected-bcrypt-hash	generic/secrets/security/detected-bcrypt-hash.yaml
generic.secrets.security.detected-codeclimate.detected-codeclimate	generic/secrets/security/detected-codeclimate.yaml
generic.secrets.security.detected-etc-shadow.detected-etc-shadow	generic/secrets/security/detected-etc-shadow.yaml
generic.secrets.security.detected-facebook-access-token.detected-facebook-access-token	generic/secrets/security/detected-facebook-access-token.yaml
generic.secrets.security.detected-facebook-oauth.detected-facebook-oauth	generic/secrets/security/detected-facebook-oauth.yaml
generic.secrets.security.detected-generic-api-key.detected-generic-api-key	generic/secrets/security/detected-generic-api-key.yaml
generic.secrets.security.detected-generic-secret.detected-generic-secret	generic/secrets/security/detected-generic-secret.yaml
generic.secrets.security.detected-github-token.detected-github-token	generic/secrets/security/detected-github-token.yaml
generic.secrets.security.detected-google-oauth-access-token.detected-google-oauth-access-token	generic/secrets/security/detected-google-oauth-access-token.yaml
generic.secrets.security.detected-heroku-api-key.detected-heroku-api-key	generic/secrets/security/detected-heroku-api-key.yaml
generic.secrets.security.detected-hockeyapp.detected-hockeyapp	generic/secrets/security/detected-hockeyapp.yaml
generic.secrets.security.detected-jwt-token.detected-jwt-token	generic/secrets/security/detected-jwt-token.yaml
generic.secrets.security.detected-kolide-api-key.detected-kolide-api-key	generic/secrets/security/detected-kolide-api-key.yaml
generic.secrets.security.detected-mailchimp-api-key.detected-mailchimp-api-key	generic/secrets/security/detected-mailchimp-api-key.yaml
generic.secrets.security.detected-mailgun-api-key.detected-mailgun-api-key	generic/secrets/security/detected-mailgun-api-key.yaml
generic.secrets.security.detected-npm-registry-auth-token.detected-npm-registry-auth-token	generic/secrets/security/detected-npm-registry-auth-token.yaml
generic.secrets.security.detected-onfido-live-api-token.detected-onfido-live-api-token	generic/secrets/security/detected-onfido-live-api-token.yaml
generic.secrets.security.detected-outlook-team.detected-outlook-team	generic/secrets/security/detected-outlook-team.yaml
generic.secrets.security.detected-paypal-braintree-access-token.detected-paypal-braintree-access-token	generic/secrets/security/detected-paypal-braintree-access-token.yaml
generic.secrets.security.detected-pgp-private-key-block.detected-pgp-private-key-block	generic/secrets/security/detected-pgp-private-key-block.yaml
generic.secrets.security.detected-picatic-api-key.detected-picatic-api-key	generic/secrets/security/detected-picatic-api-key.yaml
generic.secrets.security.detected-private-key.detected-private-key	generic/secrets/security/detected-private-key.yaml
generic.secrets.security.detected-sauce-token.detected-sauce-token	generic/secrets/security/detected-sauce-token.yaml
generic.secrets.security.detected-sendgrid-api-key.detected-sendgrid-api-key	generic/secrets/security/detected-sendgrid-api-key.yaml
generic.secrets.security.detected-slack-token.detected-slack-token	generic/secrets/security/detected-slack-token.yaml
generic.secrets.security.detected-slack-webhook.detected-slack-webhook	generic/secrets/security/detected-slack-webhook.yaml
generic.secrets.security.detected-snyk-api-key.detected-snyk-api-key	generic/secrets/security/detected-snyk-api-key.yaml
generic.secrets.security.detected-softlayer-api-key.detected-softlayer-api-key	generic/secrets/security/detected-softlayer-api-key.yaml
generic.secrets.security.detected-sonarqube-docs-api-key.detected-sonarqube-docs-api-key	generic/secrets/security/detected-sonarqube-docs-api-key.yaml
generic.secrets.security.detected-square-access-token.detected-square-access-token	generic/secrets/security/detected-square-access-token.yaml
generic.secrets.security.detected-square-oauth-secret.detected-square-oauth-secret	generic/secrets/security/detected-square-oauth-secret.yaml
generic.secrets.security.detected-ssh-password.detected-ssh-password	generic/secrets/security/detected-ssh-password.yaml
generic.secrets.security.detected-stripe-api-key.detected-stripe-api-key	generic/secrets/security/detected-stripe-api-key.yaml
generic.secrets.security.detected-stripe-restricted-api-key.detected-stripe-restricted-api-key	generic/secrets/security/detected-stripe-restricted-api-key.yaml
generic.secrets.security.detected-telegram-bot-api-key.detected-telegram-bot-api-key	generic/secrets/security/detected-telegram-bot-api-key.yaml
generic.secrets.security.detected-twilio-api-key.detected-twilio-api-key	generic/secrets/security/detected-twilio-api-key.yaml
generic.secrets.security.google-maps-apikeyleak.google-maps-apikeyleak	generic/secrets/security/google-maps-apikeyleak.yaml
generic.unicode.security.bidi.contains-bidirectional-characters	generic/unicode/security/bidi.yml
generic.visualforce.security.ncino.html.usesriforcdns.use-SRI-for-CDNs	generic/visualforce/security/ncino/html/usesriforcdns.yaml
generic.visualforce.security.ncino.vf.xssfromunescapedurlparam.xss-from-unescaped-url-param	generic/visualforce/security/ncino/vf/xssfromunescapedurlparam.yaml
generic.visualforce.security.ncino.xml.cspheaderattribute.csp-header-attribute	generic/visualforce/security/ncino/xml/cspheaderattribute.yaml
generic.visualforce.security.ncino.xml.visualforceapiversion.visualforce-page-api-version	generic/visualforce/security/ncino/xml/visualforceapiversion.yaml
go.aws-lambda.security.database-sqli.database-sqli	go/aws-lambda/security/database-sqli.yaml
go.aws-lambda.security.tainted-sql-string.tainted-sql-string	go/aws-lambda/security/tainted-sql-string.yaml
go.gorilla.security.audit.session-cookie-missing-httponly.session-cookie-missing-httponly	go/gorilla/security/audit/session-cookie-missing-httponly.yaml
go.gorilla.security.audit.session-cookie-missing-secure.session-cookie-missing-secure	go/gorilla/security/audit/session-cookie-missing-secure.yaml
go.gorilla.security.audit.session-cookie-samesitenone.session-cookie-samesitenone	go/gorilla/security/audit/session-cookie-samesitenone.yaml
go.gorilla.security.audit.websocket-missing-origin-check.websocket-missing-origin-check	go/gorilla/security/audit/websocket-missing-origin-check.yaml
go.grpc.security.grpc-client-insecure-connection.grpc-client-insecure-connection	go/grpc/security/grpc-client-insecure-connection.yaml
go.grpc.security.grpc-server-insecure-connection.grpc-server-insecure-connection	go/grpc/security/grpc-server-insecure-connection.yaml
go.jwt-go.security.audit.jwt-parse-unverified.jwt-go-parse-unverified	go/jwt-go/security/audit/jwt-parse-unverified.yaml
go.jwt-go.security.jwt-none-alg.jwt-go-none-algorithm	go/jwt-go/security/jwt-none-alg.yaml
go.jwt-go.security.jwt.hardcoded-jwt-key	go/jwt-go/security/jwt.yaml
go.lang.security.audit.crypto.bad_imports.insecure-module-used	go/lang/security/audit/crypto/bad_imports.yaml
go.lang.security.audit.crypto.insecure_ssh.avoid-ssh-insecure-ignore-host-key	go/lang/security/audit/crypto/insecure_ssh.yaml
go.lang.security.audit.crypto.math_random.math-random-used	go/lang/security/audit/crypto/math_random.yaml
go.lang.security.audit.crypto.missing-ssl-minversion.missing-ssl-minversion	go/lang/security/audit/crypto/missing-ssl-minversion.yaml
go.lang.security.audit.crypto.sha224-hash.sha224-hash	go/lang/security/audit/crypto/sha224-hash.yaml
go.lang.security.audit.crypto.ssl.ssl-v3-is-insecure	go/lang/security/audit/crypto/ssl.yaml
go.lang.security.audit.crypto.tls.tls-with-insecure-cipher	go/lang/security/audit/crypto/tls.yaml
go.lang.security.audit.crypto.use_of_weak_crypto.use-of-DES	go/lang/security/audit/crypto/use_of_weak_crypto.yaml
go.lang.security.audit.crypto.use_of_weak_crypto.use-of-md5	go/lang/security/audit/crypto/use_of_weak_crypto.yaml
go.lang.security.audit.crypto.use_of_weak_crypto.use-of-rc4	go/lang/security/audit/crypto/use_of_weak_crypto.yaml
go.lang.security.audit.crypto.use_of_weak_crypto.use-of-sha1	go/lang/security/audit/crypto/use_of_weak_crypto.yaml
go.lang.security.audit.crypto.use_of_weak_rsa_key.use-of-weak-rsa-key	go/lang/security/audit/crypto/use_of_weak_rsa_key.yaml
go.lang.security.audit.dangerous-command-write.dangerous-command-write	go/lang/security/audit/dangerous-command-write.yaml
go.lang.security.audit.dangerous-exec-cmd.dangerous-exec-cmd	go/lang/security/audit/dangerous-exec-cmd.yaml
go.lang.security.audit.dangerous-exec-command.dangerous-exec-command	go/lang/security/audit/dangerous-exec-command.yaml
go.lang.security.audit.dangerous-syscall-exec.dangerous-syscall-exec	go/lang/security/audit/dangerous-syscall-exec.yaml
go.lang.security.audit.database.string-formatted-query.string-formatted-query	go/lang/security/audit/database/string-formatted-query.yaml
go.lang.security.audit.md5-used-as-password.md5-used-as-password	go/lang/security/audit/md5-used-as-password.yaml
go.lang.security.audit.net.bind_all.avoid-bind-to-all-interfaces	go/lang/security/audit/net/bind_all.yaml
go.lang.security.audit.net.cookie-missing-httponly.cookie-missing-httponly	go/lang/security/audit/net/cookie-missing-httponly.yaml
go.lang.security.audit.net.cookie-missing-secure.cookie-missing-secure	go/lang/security/audit/net/cookie-missing-secure.yaml
go.lang.security.audit.net.dynamic-httptrace-clienttrace.dynamic-httptrace-clienttrace	go/lang/security/audit/net/dynamic-httptrace-clienttrace.yaml
go.lang.security.audit.net.formatted-template-string.formatted-template-string	go/lang/security/audit/net/formatted-template-string.yaml
go.lang.security.audit.net.pprof.pprof-debug-exposure	go/lang/security/audit/net/pprof.yaml
go.lang.security.audit.net.unescaped-data-in-htmlattr.unescaped-data-in-htmlattr	go/lang/security/audit/net/unescaped-data-in-htmlattr.yaml
go.lang.security.audit.net.unescaped-data-in-js.unescaped-data-in-js	go/lang/security/audit/net/unescaped-data-in-js.yaml
go.lang.security.audit.net.unescaped-data-in-url.unescaped-data-in-url	go/lang/security/audit/net/unescaped-data-in-url.yaml
go.lang.security.audit.net.use-tls.use-tls	go/lang/security/audit/net/use-tls.yaml
go.lang.security.audit.net.wip-xss-using-responsewriter-and-printf.wip-xss-using-responsewriter-and-printf	go/lang/security/audit/net/wip-xss-using-responsewriter-and-printf.yaml
go.lang.security.audit.reflect-makefunc.reflect-makefunc	go/lang/security/audit/reflect-makefunc.yaml
go.lang.security.audit.sqli.gosql-sqli.gosql-sqli	go/lang/security/audit/sqli/gosql-sqli.yaml
go.lang.security.audit.sqli.pg-orm-sqli.pg-orm-sqli	go/lang/security/audit/sqli/pg-orm-sqli.yaml
go.lang.security.audit.sqli.pg-sqli.pg-sqli	go/lang/security/audit/sqli/pg-sqli.yaml
go.lang.security.audit.sqli.pgx-sqli.pgx-sqli	go/lang/security/audit/sqli/pgx-sqli.yaml
go.lang.security.audit.unsafe-reflect-by-name.unsafe-reflect-by-name	go/lang/security/audit/unsafe-reflect-by-name.yaml
go.lang.security.audit.xss.import-text-template.import-text-template	go/lang/security/audit/xss/import-text-template.yaml
go.lang.security.audit.xss.no-direct-write-to-responsewriter.no-direct-write-to-responsewriter	go/lang/security/audit/xss/no-direct-write-to-responsewriter.yaml
go.lang.security.audit.xss.no-fprintf-to-responsewriter.no-fprintf-to-responsewriter	go/lang/security/audit/xss/no-fprintf-to-responsewriter.yaml
go.lang.security.audit.xss.no-interpolation-in-tag.no-interpolation-in-tag	go/lang/security/audit/xss/no-interpolation-in-tag.yaml
go.lang.security.audit.xss.no-interpolation-js-template-string.no-interpolation-js-template-string	go/lang/security/audit/xss/no-interpolation-js-template-string.yaml
go.lang.security.audit.xss.no-io-writestring-to-responsewriter.no-io-writestring-to-responsewriter	go/lang/security/audit/xss/no-io-writestring-to-responsewriter.yaml
go.lang.security.audit.xss.no-printf-in-responsewriter.no-printf-in-responsewriter	go/lang/security/audit/xss/no-printf-in-responsewriter.yaml
go.lang.security.audit.xss.template-html-does-not-escape.unsafe-template-type	go/lang/security/audit/xss/template-html-does-not-escape.yaml
go.lang.security.bad_tmp.bad-tmp-file-creation	go/lang/security/bad_tmp.yaml
go.lang.security.decompression_bomb.potential-dos-via-decompression-bomb	go/lang/security/decompression_bomb.yaml
go.lang.security.deserialization.unsafe-deserialization-interface.go-unsafe-deserialization-interface	go/lang/security/deserialization/unsafe-deserialization-interface.yaml
go.lang.security.filepath-clean-misuse.filepath-clean-misuse	go/lang/security/filepath-clean-misuse.yaml
go.lang.security.injection.open-redirect.open-redirect	go/lang/security/injection/open-redirect.yaml
go.lang.security.injection.raw-html-format.raw-html-format	go/lang/security/injection/raw-html-format.yaml
go.lang.security.injection.tainted-sql-string.tainted-sql-string	go/lang/security/injection/tainted-sql-string.yaml
go.lang.security.injection.tainted-url-host.tainted-url-host	go/lang/security/injection/tainted-url-host.yaml
go.lang.security.reverseproxy-director.reverseproxy-director	go/lang/security/reverseproxy-director.yaml
go.lang.security.zip.path-traversal-inside-zip-extraction	go/lang/security/zip.yaml
go.otto.security.audit.dangerous-execution.dangerous-execution	go/otto/security/audit/dangerous-execution.yaml
html.security.audit.missing-integrity.missing-integrity	html/security/audit/missing-integrity.yaml
html.security.plaintext-http-link.plaintext-http-link	html/security/plaintext-http-link.yaml
java.android.security.exported_activity.exported_activity	java/android/security/exported_activity.yaml
java.aws-lambda.security.tainted-sql-string.tainted-sql-string	java/aws-lambda/security/tainted-sql-string.yaml
java.aws-lambda.security.tainted-sqli.tainted-sqli	java/aws-lambda/security/tainted-sqli.yaml
java.java-jwt.security.audit.jwt-decode-without-verify.java-jwt-decode-without-verify	java/java-jwt/security/audit/jwt-decode-without-verify.yaml
java.java-jwt.security.jwt-hardcode.java-jwt-hardcoded-secret	java/java-jwt/security/jwt-hardcode.yaml
java.java-jwt.security.jwt-none-alg.java-jwt-none-alg	java/java-jwt/security/jwt-none-alg.yaml
java.jax-rs.security.jax-rs-path-traversal.jax-rs-path-traversal	java/jax-rs/security/jax-rs-path-traversal.yaml
java.jboss.security.seam-log-injection.seam-log-injection	java/jboss/security/seam-log-injection.yaml
java.jboss.security.session_sqli.find-sql-string-concatenation	java/jboss/security/session_sqli.yaml
java.jjwt.security.jwt-none-alg.jjwt-none-alg	java/jjwt/security/jwt-none-alg.yaml
java.lang.security.audit.anonymous-ldap-bind.anonymous-ldap-bind	java/lang/security/audit/anonymous-ldap-bind.yaml
java.lang.security.audit.bad-hexa-conversion.bad-hexa-conversion	java/lang/security/audit/bad-hexa-conversion.yaml
java.lang.security.audit.blowfish-insufficient-key-size.blowfish-insufficient-key-size	java/lang/security/audit/blowfish-insufficient-key-size.yaml
java.lang.security.audit.cbc-padding-oracle.cbc-padding-oracle	java/lang/security/audit/cbc-padding-oracle.yaml
java.lang.security.audit.command-injection-formatted-runtime-call.command-injection-formatted-runtime-call	java/lang/security/audit/command-injection-formatted-runtime-call.yaml
java.lang.security.audit.command-injection-process-builder.command-injection-process-builder	java/lang/security/audit/command-injection-process-builder.yaml
java.lang.security.audit.cookie-missing-httponly.cookie-missing-httponly	java/lang/security/audit/cookie-missing-httponly.yaml
java.lang.security.audit.cookie-missing-secure-flag.cookie-missing-secure-flag	java/lang/security/audit/cookie-missing-secure-flag.yaml
java.lang.security.audit.crlf-injection-logs.crlf-injection-logs	java/lang/security/audit/crlf-injection-logs.yaml
java.lang.security.audit.crypto.des-is-deprecated.des-is-deprecated	java/lang/security/audit/crypto/des-is-deprecated.yaml
java.lang.security.audit.crypto.desede-is-deprecated.desede-is-deprecated	java/lang/security/audit/crypto/desede-is-deprecated.yaml
java.lang.security.audit.crypto.ecb-cipher.ecb-cipher	java/lang/security/audit/crypto/ecb-cipher.yaml
java.lang.security.audit.crypto.gcm-nonce-reuse.gcm-nonce-reuse	java/lang/security/audit/crypto/gcm-nonce-reuse.yaml
java.lang.security.audit.crypto.no-null-cipher.no-null-cipher	java/lang/security/audit/crypto/no-null-cipher.yaml
java.lang.security.audit.crypto.no-static-initialization-vector.no-static-initialization-vector	java/lang/security/audit/crypto/no-static-initialization-vector.yaml
java.lang.security.audit.crypto.rsa-no-padding.rsa-no-padding	java/lang/security/audit/crypto/rsa-no-padding.yaml
java.lang.security.audit.crypto.ssl.avoid-implementing-custom-digests.avoid-implementing-custom-digests	java/lang/security/audit/crypto/ssl/avoid-implementing-custom-digests.yaml
java.lang.security.audit.crypto.ssl.defaulthttpclient-is-deprecated.defaulthttpclient-is-deprecated	java/lang/security/audit/crypto/ssl/defaulthttpclient-is-deprecated.yaml
java.lang.security.audit.crypto.ssl.insecure-hostname-verifier.insecure-hostname-verifier	java/lang/security/audit/crypto/ssl/insecure-hostname-verifier.yaml
java.lang.security.audit.crypto.ssl.insecure-trust-manager.insecure-trust-manager	java/lang/security/audit/crypto/ssl/insecure-trust-manager.yaml
java.lang.security.audit.crypto.unencrypted-socket.unencrypted-socket	java/lang/security/audit/crypto/unencrypted-socket.yaml
java.lang.security.audit.crypto.use-of-aes-ecb.use-of-aes-ecb	java/lang/security/audit/crypto/use-of-aes-ecb.yaml
java.lang.security.audit.crypto.use-of-blowfish.use-of-blowfish	java/lang/security/audit/crypto/use-of-blowfish.yaml
java.lang.security.audit.crypto.use-of-default-aes.use-of-default-aes	java/lang/security/audit/crypto/use-of-default-aes.yaml
java.lang.security.audit.crypto.use-of-md5-digest-utils.use-of-md5-digest-utils	java/lang/security/audit/crypto/use-of-md5-digest-utils.yaml
java.lang.security.audit.crypto.use-of-md5.use-of-md5	java/lang/security/audit/crypto/use-of-md5.yaml
java.lang.security.audit.crypto.use-of-rc2.use-of-rc2	java/lang/security/audit/crypto/use-of-rc2.yaml
java.lang.security.audit.crypto.use-of-rc4.use-of-rc4	java/lang/security/audit/crypto/use-of-rc4.yaml
java.lang.security.audit.crypto.use-of-sha1.use-of-sha1	java/lang/security/audit/crypto/use-of-sha1.yaml
java.lang.security.audit.crypto.use-of-sha224.use-of-sha224	java/lang/security/audit/crypto/use-of-sha224.yaml
java.lang.security.audit.crypto.weak-random.weak-random	java/lang/security/audit/crypto/weak-random.yaml
java.lang.security.audit.crypto.weak-rsa.use-of-weak-rsa-key	java/lang/security/audit/crypto/weak-rsa.yaml
java.lang.security.audit.dangerous-groovy-shell.dangerous-groovy-shell	java/lang/security/audit/dangerous-groovy-shell.yaml
java.lang.security.audit.el-injection.el-injection	java/lang/security/audit/el-injection.yaml
java.lang.security.audit.formatted-sql-string.formatted-sql-string	java/lang/security/audit/formatted-sql-string.yaml
java.lang.security.audit.http-response-splitting.http-response-splitting	java/lang/security/audit/http-response-splitting.yaml
java.lang.security.audit.insecure-smtp-connection.insecure-smtp-connection	java/lang/security/audit/insecure-smtp-connection.yaml
java.lang.security.audit.java-reverse-shell.java-reverse-shell	java/lang/security/audit/java-reverse-shell.yaml
java.lang.security.audit.jdbc-sql-formatted-string.jdbc-sql-formatted-string	java/lang/security/audit/jdbc-sql-formatted-string.yaml
java.lang.security.audit.ldap-entry-poisoning.ldap-entry-poisoning	java/lang/security/audit/ldap-entry-poisoning.yaml
java.lang.security.audit.ldap-injection.ldap-injection	java/lang/security/audit/ldap-injection.yaml
java.lang.security.audit.md5-used-as-password.md5-used-as-password	java/lang/security/audit/md5-used-as-password.yaml
java.lang.security.audit.object-deserialization.object-deserialization	java/lang/security/audit/object-deserialization.yaml
java.lang.security.audit.ognl-injection.ognl-injection	java/lang/security/audit/ognl-injection.yaml
java.lang.security.audit.overly-permissive-file-permission.overly-permissive-file-permission	java/lang/security/audit/overly-permissive-file-permission.yaml
java.lang.security.audit.permissive-cors.permissive-cors	java/lang/security/audit/permissive-cors.yaml
java.lang.security.audit.script-engine-injection.script-engine-injection	java/lang/security/audit/script-engine-injection.yaml
java.lang.security.audit.sqli.hibernate-sqli.hibernate-sqli	java/lang/security/audit/sqli/hibernate-sqli.yaml
java.lang.security.audit.sqli.jdbc-sqli.jdbc-sqli	java/lang/security/audit/sqli/jdbc-sqli.yaml
java.lang.security.audit.sqli.jdo-sqli.jdo-sqli	java/lang/security/audit/sqli/jdo-sqli.yaml
java.lang.security.audit.sqli.jpa-sqli.jpa-sqli	java/lang/security/audit/sqli/jpa-sqli.yaml
java.lang.security.audit.sqli.tainted-sql-from-http-request.tainted-sql-from-http-request	java/lang/security/audit/sqli/tainted-sql-from-http-request.yaml
java.lang.security.audit.sqli.turbine-sqli.turbine-sqli	java/lang/security/audit/sqli/turbine-sqli.yaml
java.lang.security.audit.sqli.vertx-sqli.vertx-sqli	java/lang/security/audit/sqli/vertx-sqli.yaml
java.lang.security.audit.tainted-cmd-from-http-request.tainted-cmd-from-http-request	java/lang/security/audit/tainted-cmd-from-http-request.yaml
java.lang.security.audit.tainted-env-from-http-request.tainted-env-from-http-request	java/lang/security/audit/tainted-env-from-http-request.yaml
java.lang.security.audit.tainted-ldapi-from-http-request.tainted-ldapi-from-http-request	java/lang/security/audit/tainted-ldapi-from-http-request.yaml
java.lang.security.audit.tainted-session-from-http-request.tainted-session-from-http-request	java/lang/security/audit/tainted-session-from-http-request.yaml
java.lang.security.audit.tainted-xpath-from-http-request.tainted-xpath-from-http-request	java/lang/security/audit/tainted-xpath-from-http-request.yaml
java.lang.security.audit.unsafe-reflection.unsafe-reflection	java/lang/security/audit/unsafe-reflection.yaml
java.lang.security.audit.unvalidated-redirect.unvalidated-redirect	java/lang/security/audit/unvalidated-redirect.yaml
java.lang.security.audit.url-rewriting.url-rewriting	java/lang/security/audit/url-rewriting.yaml
java.lang.security.audit.weak-ssl-context.weak-ssl-context	java/lang/security/audit/weak-ssl-context.yaml
java.lang.security.audit.xml-decoder.xml-decoder	java/lang/security/audit/xml-decoder.yaml
java.lang.security.audit.xss.jsf.autoescape-disabled.autoescape-disabled	java/lang/security/audit/xss/jsf/autoescape-disabled.yaml
java.lang.security.audit.xss.no-direct-response-writer.no-direct-response-writer	java/lang/security/audit/xss/no-direct-response-writer.yaml
java.lang.security.audit.xssrequestwrapper-is-insecure.xssrequestwrapper-is-insecure	java/lang/security/audit/xssrequestwrapper-is-insecure.yaml
java.lang.security.audit.xxe.documentbuilderfactory-disallow-doctype-decl-false.documentbuilderfactory-disallow-doctype-decl-false	java/lang/security/audit/xxe/documentbuilderfactory-disallow-doctype-decl-false.yaml
java.lang.security.audit.xxe.documentbuilderfactory-disallow-doctype-decl-missing.documentbuilderfactory-disallow-doctype-decl-missing	java/lang/security/audit/xxe/documentbuilderfactory-disallow-doctype-decl-missing.yaml
java.lang.security.audit.xxe.documentbuilderfactory-external-general-entities-true.documentbuilderfactory-external-general-entities-true	java/lang/security/audit/xxe/documentbuilderfactory-external-general-entities-true.yaml
java.lang.security.audit.xxe.documentbuilderfactory-external-parameter-entities-true.documentbuilderfactory-external-parameter-entities-true	java/lang/security/audit/xxe/documentbuilderfactory-external-parameter-entities-true.yaml
java.lang.security.audit.xxe.saxparserfactory-disallow-doctype-decl-missing.saxparserfactory-disallow-doctype-decl-missing	java/lang/security/audit/xxe/saxparserfactory-disallow-doctype-decl-missing.yaml
java.lang.security.audit.xxe.transformerfactory-dtds-not-disabled.transformerfactory-dtds-not-disabled	java/lang/security/audit/xxe/transformerfactory-dtds-not-disabled.yaml
java.lang.security.do-privileged-use.do-privileged-use	java/lang/security/do-privileged-use.yaml
java.lang.security.httpservlet-path-traversal.httpservlet-path-traversal	java/lang/security/httpservlet-path-traversal.yaml
java.lang.security.insecure-jms-deserialization.insecure-jms-deserialization	java/lang/security/insecure-jms-deserialization.yaml
java.lang.security.jackson-unsafe-deserialization.jackson-unsafe-deserialization	java/lang/security/jackson-unsafe-deserialization.yaml
java.lang.security.servletresponse-writer-xss.servletresponse-writer-xss	java/lang/security/servletresponse-writer-xss.yaml
java.lang.security.use-snakeyaml-constructor.use-snakeyaml-constructor	java/lang/security/use-snakeyaml-constructor.yaml
java.lang.security.xmlinputfactory-external-entities-enabled.xmlinputfactory-external-entities-enabled	java/lang/security/xmlinputfactory-external-entities-enabled.yaml
java.lang.security.xmlinputfactory-possible-xxe.xmlinputfactory-possible-xxe	java/lang/security/xmlinputfactory-possible-xxe.yaml
java.rmi.security.server-dangerous-class-deserialization.server-dangerous-class-deserialization	java/rmi/security/server-dangerous-class-deserialization.yaml
java.rmi.security.server-dangerous-object-deserialization.server-dangerous-object-deserialization	java/rmi/security/server-dangerous-object-deserialization.yaml
java.servlets.security.cookie-issecure-false.cookie-issecure-false	java/servlets/security/cookie-issecure-false.yaml
java.spring.security.audit.spel-injection.spel-injection	java/spring/security/audit/spel-injection.yaml
java.spring.security.audit.spring-actuator-fully-enabled.spring-actuator-fully-enabled	java/spring/security/audit/spring-actuator-fully-enabled.yaml
java.spring.security.audit.spring-csrf-disabled.spring-csrf-disabled	java/spring/security/audit/spring-csrf-disabled.yaml
java.spring.security.audit.spring-jsp-eval.spring-jsp-eval	java/spring/security/audit/spring-jsp-eval.yaml
java.spring.security.audit.spring-sqli.spring-sqli	java/spring/security/audit/spring-sqli.yaml
java.spring.security.audit.spring-unvalidated-redirect.spring-unvalidated-redirect	java/spring/security/audit/spring-unvalidated-redirect.yaml
java.spring.security.injection.tainted-file-path.tainted-file-path	java/spring/security/injection/tainted-file-path.yaml
java.spring.security.injection.tainted-html-string.tainted-html-string	java/spring/security/injection/tainted-html-string.yaml
java.spring.security.injection.tainted-sql-string.tainted-sql-string	java/spring/security/injection/tainted-sql-string.yaml
java.spring.security.injection.tainted-system-command.tainted-system-command	java/spring/security/injection/tainted-system-command.yaml
java.spring.security.injection.tainted-url-host.tainted-url-host	java/spring/security/injection/tainted-url-host.yaml
java.spring.security.unrestricted-request-mapping.unrestricted-request-mapping	java/spring/security/unrestricted-request-mapping.yaml
javascript.ajv.security.audit.ajv-allerrors-true.ajv-allerrors-true	javascript/ajv/security/audit/ajv-allerrors-true.yaml
javascript.angular.security.detect-angular-element-methods.detect-angular-element-methods	javascript/angular/security/detect-angular-element-methods.yaml
javascript.angular.security.detect-angular-element-taint.detect-angular-element-taint	javascript/angular/security/detect-angular-element-taint.yaml
javascript.angular.security.detect-angular-resource-loading.detect-angular-resource-loading	javascript/angular/security/detect-angular-resource-loading.yaml
javascript.angular.security.detect-angular-sce-disabled.detect-angular-sce-disabled	javascript/angular/security/detect-angular-sce-disabled.yaml
javascript.angular.security.detect-angular-trust-as-css.detect-angular-trust-as-css-method	javascript/angular/security/detect-angular-trust-as-css.yaml
javascript.angular.security.detect-angular-trust-as-html-method.detect-angular-trust-as-html-method	javascript/angular/security/detect-angular-trust-as-html-method.yaml
javascript.angular.security.detect-angular-trust-as-js-method.detect-angular-trust-as-js-method	javascript/angular/security/detect-angular-trust-as-js-method.yaml
javascript.angular.security.detect-angular-trust-as-method.detect-angular-trust-as-method	javascript/angular/security/detect-angular-trust-as-method.yaml
javascript.angular.security.detect-angular-trust-as-resourceurl-method.detect-angular-trust-as-resourceurl-method	javascript/angular/security/detect-angular-trust-as-resourceurl-method.yaml
javascript.angular.security.detect-angular-trust-as-url-method.detect-angular-trust-as-url-method	javascript/angular/security/detect-angular-trust-as-url-method.yaml
javascript.angular.security.detect-third-party-angular-translate.detect-angular-translateprovider-translations-method	javascript/angular/security/detect-third-party-angular-translate.yaml
javascript.apollo.security.apollo-axios-ssrf.apollo-axios-ssrf	javascript/apollo/security/apollo-axios-ssrf.yaml
javascript.argon2.security.unsafe-argon2-config.unsafe-argon2-config	javascript/argon2/security/unsafe-argon2-config.yaml
javascript.audit.detect-replaceall-sanitization.detect-replaceall-sanitization	javascript/audit/detect-replaceall-sanitization.yaml
javascript.aws-lambda.security.detect-child-process.detect-child-process	javascript/aws-lambda/security/detect-child-process.yaml
javascript.aws-lambda.security.dynamodb-request-object.dynamodb-request-object	javascript/aws-lambda/security/dynamodb-request-object.yaml
javascript.aws-lambda.security.knex-sqli.knex-sqli	javascript/aws-lambda/security/knex-sqli.yaml
javascript.aws-lambda.security.mysql-sqli.mysql-sqli	javascript/aws-lambda/security/mysql-sqli.yaml
javascript.aws-lambda.security.pg-sqli.pg-sqli	javascript/aws-lambda/security/pg-sqli.yaml
javascript.aws-lambda.security.sequelize-sqli.sequelize-sqli	javascript/aws-lambda/security/sequelize-sqli.yaml
javascript.aws-lambda.security.tainted-eval.tainted-eval	javascript/aws-lambda/security/tainted-eval.yaml
javascript.aws-lambda.security.tainted-html-response.tainted-html-response	javascript/aws-lambda/security/tainted-html-response.yaml
javascript.aws-lambda.security.tainted-html-string.tainted-html-string	javascript/aws-lambda/security/tainted-html-string.yaml
javascript.aws-lambda.security.vm-runincontext-injection.vm-runincontext-injection	javascript/aws-lambda/security/vm-runincontext-injection.yaml
javascript.bluebird.security.audit.tofastproperties-code-execution.tofastproperties-code-execution	javascript/bluebird/security/audit/tofastproperties-code-execution.yaml
javascript.browser.security.eval-detected.eval-detected	javascript/browser/security/eval-detected.yaml
javascript.browser.security.insufficient-postmessage-origin-validation.insufficient-postmessage-origin-validation	javascript/browser/security/insufficient-postmessage-origin-validation.yaml
javascript.browser.security.open-redirect.js-open-redirect	javascript/browser/security/open-redirect.yaml
javascript.browser.security.raw-html-concat.raw-html-concat	javascript/browser/security/raw-html-concat.yaml
javascript.browser.security.wildcard-postmessage-configuration.wildcard-postmessage-configuration	javascript/browser/security/wildcard-postmessage-configuration.yaml
javascript.chrome-remote-interface.security.audit.chrome-remote-interface-compilescript-injection.chrome-remote-interface-compilescript-injection	javascript/chrome-remote-interface/security/audit/chrome-remote-interface-compilescript-injection.yaml
javascript.deno.security.audit.deno-dangerous-run.deno-dangerous-run	javascript/deno/security/audit/deno-dangerous-run.yaml
javascript.express.security.audit.express-check-csurf-middleware-usage.express-check-csurf-middleware-usage	javascript/express/security/audit/express-check-csurf-middleware-usage.yaml
javascript.express.security.audit.express-check-directory-listing.express-check-directory-listing	javascript/express/security/audit/express-check-directory-listing.yaml
javascript.express.security.audit.express-cookie-settings.express-cookie-session-default-name	javascript/express/security/audit/express-cookie-settings.yaml
javascript.express.security.audit.express-cookie-settings.express-cookie-session-no-domain	javascript/express/security/audit/express-cookie-settings.yaml
javascript.express.security.audit.express-cookie-settings.express-cookie-session-no-expires	javascript/express/security/audit/express-cookie-settings.yaml
javascript.express.security.audit.express-cookie-settings.express-cookie-session-no-httponly	javascript/express/security/audit/express-cookie-settings.yaml
javascript.express.security.audit.express-cookie-settings.express-cookie-session-no-path	javascript/express/security/audit/express-cookie-settings.yaml
javascript.express.security.audit.express-cookie-settings.express-cookie-session-no-secure	javascript/express/security/audit/express-cookie-settings.yaml
javascript.express.security.audit.express-detect-notevil-usage.express-detect-notevil-usage	javascript/express/security/audit/express-detect-notevil-usage.yaml
javascript.express.security.audit.express-jwt-not-revoked.express-jwt-not-revoked	javascript/express/security/audit/express-jwt-not-revoked.yaml
javascript.express.security.audit.express-libxml-noent.express-libxml-noent	javascript/express/security/audit/express-libxml-noent.yaml
javascript.express.security.audit.express-libxml-vm-noent.express-libxml-vm-noent	javascript/express/security/audit/express-libxml-vm-noent.yaml
javascript.express.security.audit.express-open-redirect.express-open-redirect	javascript/express/security/audit/express-open-redirect.yaml
javascript.express.security.audit.express-path-join-resolve-traversal.express-path-join-resolve-traversal	javascript/express/security/audit/express-path-join-resolve-traversal.yaml
javascript.express.security.audit.express-res-sendfile.express-res-sendfile	javascript/express/security/audit/express-res-sendfile.yaml
javascript.express.security.audit.express-session-hardcoded-secret.express-session-hardcoded-secret	javascript/express/security/audit/express-session-hardcoded-secret.yaml
javascript.express.security.audit.express-ssrf.express-ssrf	javascript/express/security/audit/express-ssrf.yaml
javascript.express.security.audit.express-third-party-object-deserialization.express-third-party-object-deserialization	javascript/express/security/audit/express-third-party-object-deserialization.yaml
javascript.express.security.audit.express-xml2json-xxe-event.express-xml2json-xxe-event	javascript/express/security/audit/express-xml2json-xxe-event.yaml
javascript.express.security.audit.remote-property-injection.remote-property-injection	javascript/express/security/audit/remote-property-injection.yaml
javascript.express.security.audit.res-render-injection.res-render-injection	javascript/express/security/audit/res-render-injection.yaml
javascript.express.security.audit.xss.direct-response-write.direct-response-write	javascript/express/security/audit/xss/direct-response-write.yaml
javascript.express.security.audit.xss.ejs.explicit-unescape.template-explicit-unescape	javascript/express/security/audit/xss/ejs/explicit-unescape.yaml
javascript.express.security.audit.xss.ejs.var-in-script-src.var-in-script-src	javascript/express/security/audit/xss/ejs/var-in-script-src.yaml
javascript.express.security.audit.xss.ejs.var-in-script-tag.var-in-script-tag	javascript/express/security/audit/xss/ejs/var-in-script-tag.yaml
javascript.express.security.audit.xss.mustache.escape-function-overwrite.escape-function-overwrite	javascript/express/security/audit/xss/mustache/escape-function-overwrite.yaml
javascript.express.security.audit.xss.mustache.explicit-unescape.template-explicit-unescape	javascript/express/security/audit/xss/mustache/explicit-unescape.yaml
javascript.express.security.audit.xss.pug.and-attributes.template-and-attributes	javascript/express/security/audit/xss/pug/and-attributes.yaml
javascript.express.security.audit.xss.pug.explicit-unescape.template-explicit-unescape	javascript/express/security/audit/xss/pug/explicit-unescape.yaml
javascript.express.security.audit.xss.pug.var-in-href.var-in-href	javascript/express/security/audit/xss/pug/var-in-href.yaml
javascript.express.security.audit.xss.pug.var-in-script-tag.var-in-script-tag	javascript/express/security/audit/xss/pug/var-in-script-tag.yaml
javascript.express.security.cors-misconfiguration.cors-misconfiguration	javascript/express/security/cors-misconfiguration.yaml
javascript.express.security.express-data-exfiltration.express-data-exfiltration	javascript/express/security/express-data-exfiltration.yaml
javascript.express.security.express-expat-xxe.express-expat-xxe	javascript/express/security/express-expat-xxe.yaml
javascript.express.security.express-insecure-template-usage.express-insecure-template-usage	javascript/express/security/express-insecure-template-usage.yaml
javascript.express.security.express-jwt-hardcoded-secret.express-jwt-hardcoded-secret	javascript/express/security/express-jwt-hardcoded-secret.yaml
javascript.express.security.express-phantom-injection.express-phantom-injection	javascript/express/security/express-phantom-injection.yaml
javascript.express.security.express-puppeteer-injection.express-puppeteer-injection	javascript/express/security/express-puppeteer-injection.yaml
javascript.express.security.express-sandbox-injection.express-sandbox-code-injection	javascript/express/security/express-sandbox-injection.yaml
javascript.express.security.express-vm-injection.express-vm-injection	javascript/express/security/express-vm-injection.yaml
javascript.express.security.express-vm2-injection.express-vm2-injection	javascript/express/security/express-vm2-injection.yaml
javascript.express.security.express-wkhtml-injection.express-wkhtmltoimage-injection	javascript/express/security/express-wkhtml-injection.yaml
javascript.express.security.express-wkhtml-injection.express-wkhtmltopdf-injection	javascript/express/security/express-wkhtml-injection.yaml
javascript.express.security.express-xml2json-xxe.express-xml2json-xxe	javascript/express/security/express-xml2json-xxe.yaml
javascript.express.security.injection.raw-html-format.raw-html-format	javascript/express/security/injection/raw-html-format.yaml
javascript.express.security.require-request.require-request	javascript/express/security/require-request.yaml
javascript.express.security.x-frame-options-misconfiguration.x-frame-options-misconfiguration	javascript/express/security/x-frame-options-misconfiguration.yaml
javascript.fbjs.security.audit.insecure-createnodesfrommarkup.insecure-createnodesfrommarkup	javascript/fbjs/security/audit/insecure-createnodesfrommarkup.yaml
javascript.grpc.security.grpc-nodejs-insecure-connection.grpc-nodejs-insecure-connection	javascript/grpc/security/grpc-nodejs-insecure-connection.yaml
javascript.intercom.security.audit.intercom-settings-user-identifier-without-user-hash.intercom-settings-user-identifier-without-user-hash	javascript/intercom/security/audit/intercom-settings-user-identifier-without-user-hash.yaml
javascript.jose.security.audit.jose-exposed-data.jose-exposed-data	javascript/jose/security/audit/jose-exposed-data.yaml
javascript.jose.security.jwt-hardcode.hardcoded-jwt-secret	javascript/jose/security/jwt-hardcode.yaml
javascript.jose.security.jwt-none-alg.jwt-none-alg	javascript/jose/security/jwt-none-alg.yaml
javascript.jsonwebtoken.security.audit.jwt-decode-without-verify.jwt-decode-without-verify	javascript/jsonwebtoken/security/audit/jwt-decode-without-verify.yaml
javascript.jsonwebtoken.security.audit.jwt-exposed-data.jwt-exposed-data	javascript/jsonwebtoken/security/audit/jwt-exposed-data.yaml
javascript.jsonwebtoken.security.jwt-hardcode.hardcoded-jwt-secret	javascript/jsonwebtoken/security/jwt-hardcode.yaml
javascript.jsonwebtoken.security.jwt-none-alg.jwt-none-alg	javascript/jsonwebtoken/security/jwt-none-alg.yaml
javascript.jwt-simple.security.jwt-simple-noverify.jwt-simple-noverify	javascript/jwt-simple/security/jwt-simple-noverify.yaml
javascript.lang.security.audit.code-string-concat.code-string-concat	javascript/lang/security/audit/code-string-concat.yaml
javascript.lang.security.audit.dangerous-spawn-shell.dangerous-spawn-shell	javascript/lang/security/audit/dangerous-spawn-shell.yaml
javascript.lang.security.audit.detect-non-literal-regexp.detect-non-literal-regexp	javascript/lang/security/audit/detect-non-literal-regexp.yaml
javascript.lang.security.audit.hardcoded-hmac-key.hardcoded-hmac-key	javascript/lang/security/audit/hardcoded-hmac-key.yaml
javascript.lang.security.audit.incomplete-sanitization.incomplete-sanitization	javascript/lang/security/audit/incomplete-sanitization.yaml
javascript.lang.security.audit.md5-used-as-password.md5-used-as-password	javascript/lang/security/audit/md5-used-as-password.yaml
javascript.lang.security.audit.path-traversal.path-join-resolve-traversal.path-join-resolve-traversal	javascript/lang/security/audit/path-traversal/path-join-resolve-traversal.yaml
javascript.lang.security.audit.prototype-pollution.prototype-pollution-loop.prototype-pollution-loop	javascript/lang/security/audit/prototype-pollution/prototype-pollution-loop.yaml
javascript.lang.security.audit.spawn-shell-true.spawn-shell-true	javascript/lang/security/audit/spawn-shell-true.yaml
javascript.lang.security.audit.sqli.node-knex-sqli.node-knex-sqli	javascript/lang/security/audit/sqli/node-knex-sqli.yaml
javascript.lang.security.audit.sqli.node-mssql-sqli.node-mssql-sqli	javascript/lang/security/audit/sqli/node-mssql-sqli.yaml
javascript.lang.security.audit.sqli.node-mysql-sqli.node-mysql-sqli	javascript/lang/security/audit/sqli/node-mysql-sqli.yaml
javascript.lang.security.audit.sqli.node-postgres-sqli.node-postgres-sqli	javascript/lang/security/audit/sqli/node-postgres-sqli.yaml
javascript.lang.security.audit.unknown-value-with-script-tag.unknown-value-with-script-tag	javascript/lang/security/audit/unknown-value-with-script-tag.yaml
javascript.lang.security.audit.unsafe-formatstring.unsafe-formatstring	javascript/lang/security/audit/unsafe-formatstring.yaml
javascript.lang.security.detect-buffer-noassert.detect-buffer-noassert	javascript/lang/security/detect-buffer-noassert.yaml
javascript.lang.security.detect-child-process.detect-child-process	javascript/lang/security/detect-child-process.yaml
javascript.lang.security.detect-disable-mustache-escape.detect-disable-mustache-escape	javascript/lang/security/detect-disable-mustache-escape.yaml
javascript.lang.security.detect-eval-with-expression.detect-eval-with-expression	javascript/lang/security/detect-eval-with-expression.yaml
javascript.lang.security.detect-insecure-websocket.detect-insecure-websocket	javascript/lang/security/detect-insecure-websocket.yaml
javascript.lang.security.detect-no-csrf-before-method-override.detect-no-csrf-before-method-override	javascript/lang/security/detect-no-csrf-before-method-override.yaml
javascript.lang.security.detect-pseudorandombytes.detect-pseudoRandomBytes	javascript/lang/security/detect-pseudorandombytes.yaml
javascript.lang.security.insecure-object-assign.insecure-object-assign	javascript/lang/security/insecure-object-assign.yaml
javascript.lang.security.spawn-git-clone.spawn-git-clone	javascript/lang/security/spawn-git-clone.yaml
javascript.monaco-editor.security.audit.monaco-hover-htmlsupport.monaco-hover-htmlsupport	javascript/monaco-editor/security/audit/monaco-hover-htmlsupport.yaml
javascript.node-crypto.security.aead-no-final.aead-no-final	javascript/node-crypto/security/aead-no-final.yaml
javascript.node-crypto.security.create-de-cipher-no-iv.create-de-cipher-no-iv	javascript/node-crypto/security/create-de-cipher-no-iv.yaml
javascript.node-crypto.security.gcm-no-tag-length.gcm-no-tag-length	javascript/node-crypto/security/gcm-no-tag-length.yaml
javascript.node-expat.security.audit.expat-xxe.expat-xxe	javascript/node-expat/security/audit/expat-xxe.yaml
javascript.passport-jwt.security.passport-hardcode.hardcoded-passport-secret	javascript/passport-jwt/security/passport-hardcode.yaml
javascript.phantom.security.audit.phantom-injection.phantom-injection	javascript/phantom/security/audit/phantom-injection.yaml
javascript.playwright.security.audit.playwright-addinitscript-code-injection.playwright-addinitscript-code-injection	javascript/playwright/security/audit/playwright-addinitscript-code-injection.yaml
javascript.playwright.security.audit.playwright-evaluate-arg-injection.playwright-evaluate-arg-injection	javascript/playwright/security/audit/playwright-evaluate-arg-injection.yaml
javascript.playwright.security.audit.playwright-evaluate-code-injection.playwright-evaluate-code-injection	javascript/playwright/security/audit/playwright-evaluate-code-injection.yaml
javascript.playwright.security.audit.playwright-exposed-chrome-devtools.playwright-exposed-chrome-devtools	javascript/playwright/security/audit/playwright-exposed-chrome-devtools.yaml
javascript.playwright.security.audit.playwright-goto-injection.playwright-goto-injection	javascript/playwright/security/audit/playwright-goto-injection.yaml
javascript.playwright.security.audit.playwright-setcontent-injection.playwright-setcontent-injection	javascript/playwright/security/audit/playwright-setcontent-injection.yaml
javascript.puppeteer.security.audit.puppeteer-evaluate-arg-injection.puppeteer-evaluate-arg-injection	javascript/puppeteer/security/audit/puppeteer-evaluate-arg-injection.yaml
javascript.puppeteer.security.audit.puppeteer-evaluate-code-injection.puppeteer-evaluate-code-injection	javascript/puppeteer/security/audit/puppeteer-evaluate-code-injection.yaml
javascript.puppeteer.security.audit.puppeteer-exposed-chrome-devtools.puppeteer-exposed-chrome-devtools	javascript/puppeteer/security/audit/puppeteer-exposed-chrome-devtools.yaml
javascript.puppeteer.security.audit.puppeteer-goto-injection.puppeteer-goto-injection	javascript/puppeteer/security/audit/puppeteer-goto-injection.yaml
javascript.puppeteer.security.audit.puppeteer-setcontent-injection.puppeteer-setcontent-injection	javascript/puppeteer/security/audit/puppeteer-setcontent-injection.yaml
javascript.sandbox.security.audit.sandbox-code-injection.sandbox-code-injection	javascript/sandbox/security/audit/sandbox-code-injection.yaml
javascript.sax.security.audit.sax-xxe.sax-xxe	javascript/sax/security/audit/sax-xxe.yaml
javascript.sequelize.security.audit.sequelize-enforce-tls.sequelize-enforce-tls	javascript/sequelize/security/audit/sequelize-enforce-tls.yaml
javascript.sequelize.security.audit.sequelize-injection-express.express-sequelize-injection	javascript/sequelize/security/audit/sequelize-injection-express.yaml
javascript.sequelize.security.audit.sequelize-tls-disabled-cert-validation.sequelize-tls-disabled-cert-validation	javascript/sequelize/security/audit/sequelize-tls-disabled-cert-validation.yaml
javascript.sequelize.security.audit.sequelize-weak-tls-version.sequelize-weak-tls-version	javascript/sequelize/security/audit/sequelize-weak-tls-version.yaml
javascript.serialize-javascript.security.audit.unsafe-serialize-javascript.unsafe-serialize-javascript	javascript/serialize-javascript/security/audit/unsafe-serialize-javascript.yaml
javascript.shelljs.security.shelljs-exec-injection.shelljs-exec-injection	javascript/shelljs/security/shelljs-exec-injection.yaml
javascript.thenify.security.audit.multiargs-code-execution.multiargs-code-execution	javascript/thenify/security/audit/multiargs-code-execution.yaml
javascript.vm2.security.audit.vm2-code-injection.vm2-code-injection	javascript/vm2/security/audit/vm2-code-injection.yaml
javascript.vm2.security.audit.vm2-context-injection.vm2-context-injection	javascript/vm2/security/audit/vm2-context-injection.yaml
javascript.vue.security.audit.xss.templates.avoid-v-html.avoid-v-html	javascript/vue/security/audit/xss/templates/avoid-v-html.yaml
javascript.wkhtmltoimage.security.audit.wkhtmltoimage-injection.wkhtmltoimage-injection	javascript/wkhtmltoimage/security/audit/wkhtmltoimage-injection.yaml
javascript.wkhtmltopdf.security.audit.wkhtmltopdf-injection.wkhtmltopdf-injection	javascript/wkhtmltopdf/security/audit/wkhtmltopdf-injection.yaml
javascript.xml2json.security.audit.xml2json-xxe.xml2json-xxe	javascript/xml2json/security/audit/xml2json-xxe.yaml
json.aws.security.public-s3-bucket.public-s3-bucket	json/aws/security/public-s3-bucket.yaml
json.aws.security.public-s3-policy-statement.public-s3-policy-statement	json/aws/security/public-s3-policy-statement.yaml
json.aws.security.wildcard-assume-role.wildcard-assume-role	json/aws/security/wildcard-assume-role.yaml
kotlin.gradle.security.build-gradle-password-hardcoded.build-gradle-password-hardcoded	kotlin/gradle/security/build-gradle-password-hardcoded.yaml
kotlin.lang.security.anonymous-ldap-bind.anonymous-ldap-bind	kotlin/lang/security/anonymous-ldap-bind.yaml
kotlin.lang.security.bad-hexa-conversion.bad-hexa-conversion	kotlin/lang/security/bad-hexa-conversion.yaml
kotlin.lang.security.command-injection-formatted-runtime-call.command-injection-formatted-runtime-call	kotlin/lang/security/command-injection-formatted-runtime-call.yaml
kotlin.lang.security.cookie-missing-httponly.cookie-missing-httponly	kotlin/lang/security/cookie-missing-httponly.yaml
kotlin.lang.security.cookie-missing-secure-flag.cookie-missing-secure-flag	kotlin/lang/security/cookie-missing-secure-flag.yaml
kotlin.lang.security.defaulthttpclient-is-deprecated.defaulthttpclient-is-deprecated	kotlin/lang/security/defaulthttpclient-is-deprecated.yaml
kotlin.lang.security.ecb-cipher.ecb-cipher	kotlin/lang/security/ecb-cipher.yaml
kotlin.lang.security.gcm-detection.gcm-detection	kotlin/lang/security/gcm-detection.yaml
kotlin.lang.security.no-null-cipher.no-null-cipher	kotlin/lang/security/no-null-cipher.yaml
kotlin.lang.security.unencrypted-socket.unencrypted-socket	kotlin/lang/security/unencrypted-socket.yaml
kotlin.lang.security.use-of-md5.use-of-md5	kotlin/lang/security/use-of-md5.yaml
kotlin.lang.security.use-of-sha1.use-of-sha1	kotlin/lang/security/use-of-sha1.yaml
kotlin.lang.security.weak-rsa.use-of-weak-rsa-key	kotlin/lang/security/weak-rsa.yaml
ocaml.lang.compatibility.deprecated.deprecated-pervasives	ocaml/lang/compatibility/deprecated.yaml
ocaml.lang.portability.crlf-support.broken-input-line	ocaml/lang/portability/crlf-support.yaml
ocaml.lang.portability.crlf-support.prefer-read-in-binary-mode	ocaml/lang/portability/crlf-support.yaml
ocaml.lang.portability.crlf-support.prefer-write-in-binary-mode	ocaml/lang/portability/crlf-support.yaml
ocaml.lang.portability.slash-tmp.not-portable-tmp-string	ocaml/lang/portability/slash-tmp.yaml
ocaml.lang.security.unsafe.ocamllint-unsafe	ocaml/lang/security/unsafe.yaml
package_managers.bun.bun-missing-minimum-release-age.bun-missing-minimum-release-age	package_managers/bun/bun-missing-minimum-release-age.yaml
package_managers.dependabot.dependabot-missing-cooldown.dependabot-missing-cooldown	package_managers/dependabot/dependabot-missing-cooldown.yaml
package_managers.npm.npm-missing-minimum-release-age.npm-missing-minimum-release-age	package_managers/npm/npm-missing-minimum-release-age.yaml
package_managers.pnpm.pnpm-block-exotic-sub-dependencies.pnpm-block-exotic-sub-dependencies	package_managers/pnpm/pnpm-block-exotic-sub-dependencies.yaml
package_managers.pnpm.pnpm-missing-minimum-release-age.pnpm-minimum-release-age	package_managers/pnpm/pnpm-missing-minimum-release-age.yaml
package_managers.pnpm.pnpm-trust-policy.pnpm-trust-policy	package_managers/pnpm/pnpm-trust-policy.yaml
package_managers.poetry.poetry-missing-solver-min-release-age.poetry-missing-solver-min-release-age	package_managers/poetry/poetry-missing-solver-min-release-age.yaml
package_managers.renovate.renovate-missing-minimum-release-age.renovate-missing-minimum-release-age	package_managers/renovate/renovate-missing-minimum-release-age.yaml
package_managers.ruby.bundler-gemfile-missing-cooldown.bundler-gemfile-missing-cooldown	package_managers/ruby/bundler-gemfile-missing-cooldown.yaml
package_managers.uv.uv-missing-dependency-cooldown.uv-missing-dependency-cooldown	package_managers/uv/uv-missing-dependency-cooldown.yaml
package_managers.yarn.yarn-missing-minimal-age-gate.yarn-missing-minimal-age-gate	package_managers/yarn/yarn-missing-minimal-age-gate.yaml
php.doctrine.security.audit.doctrine-dbal-dangerous-query.doctrine-dbal-dangerous-query	php/doctrine/security/audit/doctrine-dbal-dangerous-query.yaml
php.doctrine.security.audit.doctrine-orm-dangerous-query.doctrine-orm-dangerous-query	php/doctrine/security/audit/doctrine-orm-dangerous-query.yaml
php.lang.security.assert-use.assert-use	php/lang/security/assert-use.yaml
php.lang.security.audit.openssl-decrypt-validate.openssl-decrypt-validate	php/lang/security/audit/openssl-decrypt-validate.yaml
php.lang.security.audit.sha224-hash.sha224-hash	php/lang/security/audit/sha224-hash.yaml
php.lang.security.backticks-use.backticks-use	php/lang/security/backticks-use.yaml
php.lang.security.base-convert-loses-precision.base-convert-loses-precision	php/lang/security/base-convert-loses-precision.yaml
php.lang.security.curl-ssl-verifypeer-off.curl-ssl-verifypeer-off	php/lang/security/curl-ssl-verifypeer-off.yaml
php.lang.security.deserialization.extract-user-data	php/lang/security/deserialization.yaml
php.lang.security.eval-use.eval-use	php/lang/security/eval-use.yaml
php.lang.security.exec-use.exec-use	php/lang/security/exec-use.yaml
php.lang.security.ftp-use.ftp-use	php/lang/security/ftp-use.yaml
php.lang.security.injection.printed-request.printed-request	php/lang/security/injection/printed-request.yaml
php.lang.security.injection.tainted-callable.tainted-callable	php/lang/security/injection/tainted-callable.yaml
php.lang.security.injection.tainted-exec.tainted-exec	php/lang/security/injection/tainted-exec.yaml
php.lang.security.injection.tainted-filename.tainted-filename	php/lang/security/injection/tainted-filename.yaml
php.lang.security.injection.tainted-object-instantiation.tainted-object-instantiation	php/lang/security/injection/tainted-object-instantiation.yaml
php.lang.security.injection.tainted-session.tainted-session	php/lang/security/injection/tainted-session.yaml
php.lang.security.injection.tainted-sql-string.tainted-sql-string	php/lang/security/injection/tainted-sql-string.yaml
php.lang.security.injection.tainted-url-host.tainted-url-host	php/lang/security/injection/tainted-url-host.yaml
php.lang.security.ldap-bind-without-password.ldap-bind-without-password	php/lang/security/ldap-bind-without-password.yaml
php.lang.security.mb-ereg-replace-eval.mb-ereg-replace-eval	php/lang/security/mb-ereg-replace-eval.yaml
php.lang.security.mcrypt-use.mcrypt-use	php/lang/security/mcrypt-use.yaml
php.lang.security.md5-loose-equality.md5-loose-equality	php/lang/security/md5-loose-equality.yaml
php.lang.security.md5-used-as-password.md5-used-as-password	php/lang/security/md5-used-as-password.yaml
php.lang.security.openssl-cbc-static-iv.openssl-cbc-static-iv	php/lang/security/openssl-cbc-static-iv.yaml
php.lang.security.php-permissive-cors.php-permissive-cors	php/lang/security/php-permissive-cors.yaml
php.lang.security.phpinfo-use.phpinfo-use	php/lang/security/phpinfo-use.yaml
php.lang.security.tainted-exec.tainted-exec	php/lang/security/tainted-exec.yaml
php.lang.security.unlink-use.unlink-use	php/lang/security/unlink-use.yaml
php.lang.security.unserialize-use.unserialize-use	php/lang/security/unserialize-use.yaml
php.laravel.security.laravel-api-route-sql-injection.laravel-api-route-sql-injection	php/laravel/security/laravel-api-route-sql-injection.yaml
php.laravel.security.laravel-sql-injection.laravel-sql-injection	php/laravel/security/laravel-sql-injection.yaml
php.laravel.security.laravel-unsafe-validator.laravel-unsafe-validator	php/laravel/security/laravel-unsafe-validator.yaml
php.symfony.security.audit.symfony-csrf-protection-disabled.symfony-csrf-protection-disabled	php/symfony/security/audit/symfony-csrf-protection-disabled.yaml
php.symfony.security.audit.symfony-non-literal-redirect.symfony-non-literal-redirect	php/symfony/security/audit/symfony-non-literal-redirect.yaml
php.symfony.security.audit.symfony-permissive-cors.symfony-permissive-cors	php/symfony/security/audit/symfony-permissive-cors.yaml
php.wordpress-plugins.security.audit.wp-ssrf-audit.wp-ssrf-audit	php/wordpress-plugins/security/audit/wp-ssrf-audit.yaml
problem-based-packs.insecure-transport.go-stdlib.bypass-tls-verification.bypass-tls-verification	problem-based-packs/insecure-transport/go-stdlib/bypass-tls-verification.yaml
problem-based-packs.insecure-transport.go-stdlib.disallow-old-tls-versions.disallow-old-tls-versions	problem-based-packs/insecure-transport/go-stdlib/disallow-old-tls-versions.yaml
problem-based-packs.insecure-transport.go-stdlib.ftp-request.ftp-request	problem-based-packs/insecure-transport/go-stdlib/ftp-request.yaml
problem-based-packs.insecure-transport.go-stdlib.gorequest-http-request.gorequest-http-request	problem-based-packs/insecure-transport/go-stdlib/gorequest-http-request.yaml
problem-based-packs.insecure-transport.go-stdlib.grequests-http-request.grequests-http-request	problem-based-packs/insecure-transport/go-stdlib/grequests-http-request.yaml
problem-based-packs.insecure-transport.go-stdlib.http-customized-request.http-customized-request	problem-based-packs/insecure-transport/go-stdlib/http-customized-request.yaml
problem-based-packs.insecure-transport.go-stdlib.http-request.http-request	problem-based-packs/insecure-transport/go-stdlib/http-request.yaml
problem-based-packs.insecure-transport.go-stdlib.sling-http-request.sling-http-request	problem-based-packs/insecure-transport/go-stdlib/sling-http-request.yaml
problem-based-packs.insecure-transport.go-stdlib.telnet-request.telnet-request	problem-based-packs/insecure-transport/go-stdlib/telnet-request.yaml
problem-based-packs.insecure-transport.java-spring.bypass-tls-verification.bypass-tls-verification	problem-based-packs/insecure-transport/java-spring/bypass-tls-verification.yaml
problem-based-packs.insecure-transport.java-spring.spring-ftp-request.spring-ftp-request	problem-based-packs/insecure-transport/java-spring/spring-ftp-request.yaml
problem-based-packs.insecure-transport.java-spring.spring-http-request.spring-http-request	problem-based-packs/insecure-transport/java-spring/spring-http-request.yaml
problem-based-packs.insecure-transport.java-stdlib.bypass-tls-verification.bypass-tls-verification	problem-based-packs/insecure-transport/java-stdlib/bypass-tls-verification.yaml
problem-based-packs.insecure-transport.java-stdlib.disallow-old-tls-versions1.disallow-old-tls-versions1	problem-based-packs/insecure-transport/java-stdlib/disallow-old-tls-versions1.yaml
problem-based-packs.insecure-transport.java-stdlib.disallow-old-tls-versions2.disallow-old-tls-versions2	problem-based-packs/insecure-transport/java-stdlib/disallow-old-tls-versions2.yaml
problem-based-packs.insecure-transport.java-stdlib.ftp-request.ftp-request	problem-based-packs/insecure-transport/java-stdlib/ftp-request.yaml
problem-based-packs.insecure-transport.java-stdlib.http-components-request.http-components-request	problem-based-packs/insecure-transport/java-stdlib/http-components-request.yaml
problem-based-packs.insecure-transport.java-stdlib.httpclient-http-request.httpclient-http-request	problem-based-packs/insecure-transport/java-stdlib/httpclient-http-request.yaml
problem-based-packs.insecure-transport.java-stdlib.httpget-http-request.httpget-http-request	problem-based-packs/insecure-transport/java-stdlib/httpget-http-request.yaml
problem-based-packs.insecure-transport.java-stdlib.httpurlconnection-http-request.httpurlconnection-http-request	problem-based-packs/insecure-transport/java-stdlib/httpurlconnection-http-request.yaml
problem-based-packs.insecure-transport.java-stdlib.socket-request.socket-request	problem-based-packs/insecure-transport/java-stdlib/socket-request.yaml
problem-based-packs.insecure-transport.java-stdlib.telnet-request.telnet-request	problem-based-packs/insecure-transport/java-stdlib/telnet-request.yaml
problem-based-packs.insecure-transport.java-stdlib.tls-renegotiation.tls-renegotiation	problem-based-packs/insecure-transport/java-stdlib/tls-renegotiation.yaml
problem-based-packs.insecure-transport.java-stdlib.unirest-http-request.unirest-http-request	problem-based-packs/insecure-transport/java-stdlib/unirest-http-request.yaml
problem-based-packs.insecure-transport.js-node.bypass-tls-verification.bypass-tls-verification	problem-based-packs/insecure-transport/js-node/bypass-tls-verification.yaml
problem-based-packs.insecure-transport.js-node.disallow-old-tls-versions1.disallow-old-tls-versions1	problem-based-packs/insecure-transport/js-node/disallow-old-tls-versions1.yaml
problem-based-packs.insecure-transport.js-node.disallow-old-tls-versions2.disallow-old-tls-versions2	problem-based-packs/insecure-transport/js-node/disallow-old-tls-versions2.yaml
problem-based-packs.insecure-transport.js-node.ftp-request.ftp-request	problem-based-packs/insecure-transport/js-node/ftp-request.yaml
problem-based-packs.insecure-transport.js-node.http-request.http-request	problem-based-packs/insecure-transport/js-node/http-request.yaml
problem-based-packs.insecure-transport.js-node.rest-http-client-support.rest-http-client-support	problem-based-packs/insecure-transport/js-node/rest-http-client-support.yaml
problem-based-packs.insecure-transport.js-node.telnet-request.telnet-request	problem-based-packs/insecure-transport/js-node/telnet-request.yaml
problem-based-packs.insecure-transport.js-node.using-http-server.using-http-server	problem-based-packs/insecure-transport/js-node/using-http-server.yaml
problem-based-packs.insecure-transport.ruby-stdlib.http-client-requests.http-client-requests	problem-based-packs/insecure-transport/ruby-stdlib/http-client-requests.yaml
problem-based-packs.insecure-transport.ruby-stdlib.net-ftp-request.net-ftp-request	problem-based-packs/insecure-transport/ruby-stdlib/net-ftp-request.yaml
problem-based-packs.insecure-transport.ruby-stdlib.net-http-request.net-http-request	problem-based-packs/insecure-transport/ruby-stdlib/net-http-request.yaml
problem-based-packs.insecure-transport.ruby-stdlib.net-telnet-request.net-telnet-request	problem-based-packs/insecure-transport/ruby-stdlib/net-telnet-request.yaml
problem-based-packs.insecure-transport.ruby-stdlib.openuri-request.openuri-request	problem-based-packs/insecure-transport/ruby-stdlib/openuri-request.yaml
python.airflow.security.audit.formatted-string-bashoperator.formatted-string-bashoperator	python/airflow/security/audit/formatted-string-bashoperator.yaml
python.aws-lambda.security.dangerous-asyncio-create-exec.dangerous-asyncio-create-exec	python/aws-lambda/security/dangerous-asyncio-create-exec.yaml
python.aws-lambda.security.dangerous-asyncio-exec.dangerous-asyncio-exec	python/aws-lambda/security/dangerous-asyncio-exec.yaml
python.aws-lambda.security.dangerous-asyncio-shell.dangerous-asyncio-shell	python/aws-lambda/security/dangerous-asyncio-shell.yaml
python.aws-lambda.security.dangerous-spawn-process.dangerous-spawn-process	python/aws-lambda/security/dangerous-spawn-process.yaml
python.aws-lambda.security.dangerous-subprocess-use.dangerous-subprocess-use	python/aws-lambda/security/dangerous-subprocess-use.yaml
python.aws-lambda.security.dangerous-system-call.dangerous-system-call	python/aws-lambda/security/dangerous-system-call.yaml
python.aws-lambda.security.dynamodb-filter-injection.dynamodb-filter-injection	python/aws-lambda/security/dynamodb-filter-injection.yaml
python.aws-lambda.security.mysql-sqli.mysql-sqli	python/aws-lambda/security/mysql-sqli.yaml
python.aws-lambda.security.psycopg-sqli.psycopg-sqli	python/aws-lambda/security/psycopg-sqli.yaml
python.aws-lambda.security.pymssql-sqli.pymssql-sqli	python/aws-lambda/security/pymssql-sqli.yaml
python.aws-lambda.security.pymysql-sqli.pymysql-sqli	python/aws-lambda/security/pymysql-sqli.yaml
python.aws-lambda.security.sqlalchemy-sqli.sqlalchemy-sqli	python/aws-lambda/security/sqlalchemy-sqli.yaml
python.aws-lambda.security.tainted-code-exec.tainted-code-exec	python/aws-lambda/security/tainted-code-exec.yaml
python.aws-lambda.security.tainted-html-response.tainted-html-response	python/aws-lambda/security/tainted-html-response.yaml
python.aws-lambda.security.tainted-html-string.tainted-html-string	python/aws-lambda/security/tainted-html-string.yaml
python.aws-lambda.security.tainted-pickle-deserialization.tainted-pickle-deserialization	python/aws-lambda/security/tainted-pickle-deserialization.yaml
python.aws-lambda.security.tainted-sql-string.tainted-sql-string	python/aws-lambda/security/tainted-sql-string.yaml
python.boto3.security.hardcoded-token.hardcoded-token	python/boto3/security/hardcoded-token.yaml
python.cryptography.security.empty-aes-key.empty-aes-key	python/cryptography/security/empty-aes-key.yaml
python.cryptography.security.insecure-cipher-algorithms-arc4.insecure-cipher-algorithm-arc4	python/cryptography/security/insecure-cipher-algorithms-arc4.yaml
python.cryptography.security.insecure-cipher-algorithms-blowfish.insecure-cipher-algorithm-blowfish	python/cryptography/security/insecure-cipher-algorithms-blowfish.yaml
python.cryptography.security.insecure-cipher-algorithms.insecure-cipher-algorithm-idea	python/cryptography/security/insecure-cipher-algorithms.yaml
python.cryptography.security.insecure-cipher-mode-ecb.insecure-cipher-mode-ecb	python/cryptography/security/insecure-cipher-mode-ecb.yaml
python.cryptography.security.insecure-hash-algorithms-md5.insecure-hash-algorithm-md5	python/cryptography/security/insecure-hash-algorithms-md5.yaml
python.cryptography.security.insecure-hash-algorithms.insecure-hash-algorithm-sha1	python/cryptography/security/insecure-hash-algorithms.yaml
python.cryptography.security.insufficient-dsa-key-size.insufficient-dsa-key-size	python/cryptography/security/insufficient-dsa-key-size.yaml
python.cryptography.security.insufficient-ec-key-size.insufficient-ec-key-size	python/cryptography/security/insufficient-ec-key-size.yaml
python.cryptography.security.insufficient-rsa-key-size.insufficient-rsa-key-size	python/cryptography/security/insufficient-rsa-key-size.yaml
python.distributed.security.require-encryption	python/distributed/security.yaml
python.django.security.audit.avoid-insecure-deserialization.avoid-insecure-deserialization	python/django/security/audit/avoid-insecure-deserialization.yaml
python.django.security.audit.avoid-mark-safe.avoid-mark-safe	python/django/security/audit/avoid-mark-safe.yaml
python.django.security.audit.csrf-exempt.no-csrf-exempt	python/django/security/audit/csrf-exempt.yaml
python.django.security.audit.custom-expression-as-sql.custom-expression-as-sql	python/django/security/audit/custom-expression-as-sql.yaml
python.django.security.audit.django-rest-framework.missing-throttle-config.missing-throttle-config	python/django/security/audit/django-rest-framework/missing-throttle-config.yaml
python.django.security.audit.extends-custom-expression.extends-custom-expression	python/django/security/audit/extends-custom-expression.yaml
python.django.security.audit.query-set-extra.avoid-query-set-extra	python/django/security/audit/query-set-extra.yaml
python.django.security.audit.raw-query.avoid-raw-sql	python/django/security/audit/raw-query.yaml
python.django.security.audit.secure-cookies.django-secure-set-cookie	python/django/security/audit/secure-cookies.yaml
python.django.security.audit.templates.debug-template-tag.debug-template-tag	python/django/security/audit/templates/debug-template-tag.yaml
python.django.security.audit.unvalidated-password.unvalidated-password	python/django/security/audit/unvalidated-password.yaml
python.django.security.audit.xss.class-extends-safestring.class-extends-safestring	python/django/security/audit/xss/class-extends-safestring.yaml
python.django.security.audit.xss.context-autoescape-off.context-autoescape-off	python/django/security/audit/xss/context-autoescape-off.yaml
python.django.security.audit.xss.direct-use-of-httpresponse.direct-use-of-httpresponse	python/django/security/audit/xss/direct-use-of-httpresponse.yaml
python.django.security.audit.xss.filter-with-is-safe.filter-with-is-safe	python/django/security/audit/xss/filter-with-is-safe.yaml
python.django.security.audit.xss.formathtml-fstring-parameter.formathtml-fstring-parameter	python/django/security/audit/xss/formathtml-fstring-parameter.yaml
python.django.security.audit.xss.global-autoescape-off.global-autoescape-off	python/django/security/audit/xss/global-autoescape-off.yaml
python.django.security.audit.xss.html-magic-method.html-magic-method	python/django/security/audit/xss/html-magic-method.yaml
python.django.security.audit.xss.html-safe.html-safe	python/django/security/audit/xss/html-safe.yaml
python.django.security.audit.xss.template-autoescape-off.template-autoescape-off	python/django/security/audit/xss/template-autoescape-off.yaml
python.django.security.audit.xss.template-blocktranslate-no-escape.template-blocktranslate-no-escape	python/django/security/audit/xss/template-blocktranslate-no-escape.yaml
python.django.security.audit.xss.template-translate-as-no-escape.template-translate-as-no-escape	python/django/security/audit/xss/template-translate-as-no-escape.yaml
python.django.security.audit.xss.template-var-unescaped-with-safeseq.template-var-unescaped-with-safeseq	python/django/security/audit/xss/template-var-unescaped-with-safeseq.yaml
python.django.security.django-no-csrf-token.django-no-csrf-token	python/django/security/django-no-csrf-token.yaml
python.django.security.django-using-request-post-after-is-valid.django-using-request-post-after-is-valid	python/django/security/django-using-request-post-after-is-valid.yaml
python.django.security.globals-as-template-context.globals-as-template-context	python/django/security/globals-as-template-context.yaml
python.django.security.hashids-with-django-secret.hashids-with-django-secret	python/django/security/hashids-with-django-secret.yaml
python.django.security.injection.code.globals-misuse-code-execution.globals-misuse-code-execution	python/django/security/injection/code/globals-misuse-code-execution.yaml
python.django.security.injection.code.user-eval-format-string.user-eval-format-string	python/django/security/injection/code/user-eval-format-string.yaml
python.django.security.injection.code.user-eval.user-eval	python/django/security/injection/code/user-eval.yaml
python.django.security.injection.code.user-exec-format-string.user-exec-format-string	python/django/security/injection/code/user-exec-format-string.yaml
python.django.security.injection.code.user-exec.user-exec	python/django/security/injection/code/user-exec.yaml
python.django.security.injection.command.command-injection-os-system.command-injection-os-system	python/django/security/injection/command/command-injection-os-system.yaml
python.django.security.injection.command.subprocess-injection.subprocess-injection	python/django/security/injection/command/subprocess-injection.yaml
python.django.security.injection.email.xss-html-email-body.xss-html-email-body	python/django/security/injection/email/xss-html-email-body.yaml
python.django.security.injection.email.xss-send-mail-html-message.xss-send-mail-html-message	python/django/security/injection/email/xss-send-mail-html-message.yaml
python.django.security.injection.mass-assignment.mass-assignment	python/django/security/injection/mass-assignment.yaml
python.django.security.injection.open-redirect.open-redirect	python/django/security/injection/open-redirect.yaml
python.django.security.injection.path-traversal.path-traversal-file-name.path-traversal-file-name	python/django/security/injection/path-traversal/path-traversal-file-name.yaml
python.django.security.injection.path-traversal.path-traversal-join.path-traversal-join	python/django/security/injection/path-traversal/path-traversal-join.yaml
python.django.security.injection.path-traversal.path-traversal-open.path-traversal-open	python/django/security/injection/path-traversal/path-traversal-open.yaml
python.django.security.injection.raw-html-format.raw-html-format	python/django/security/injection/raw-html-format.yaml
python.django.security.injection.reflected-data-httpresponse.reflected-data-httpresponse	python/django/security/injection/reflected-data-httpresponse.yaml
python.django.security.injection.reflected-data-httpresponsebadrequest.reflected-data-httpresponsebadrequest	python/django/security/injection/reflected-data-httpresponsebadrequest.yaml
python.django.security.injection.request-data-fileresponse.request-data-fileresponse	python/django/security/injection/request-data-fileresponse.yaml
python.django.security.injection.request-data-write.request-data-write	python/django/security/injection/request-data-write.yaml
python.django.security.injection.sql.sql-injection-extra.sql-injection-using-extra-where	python/django/security/injection/sql/sql-injection-extra.yaml
python.django.security.injection.sql.sql-injection-rawsql.sql-injection-using-rawsql	python/django/security/injection/sql/sql-injection-rawsql.yaml
python.django.security.injection.sql.sql-injection-using-db-cursor-execute.sql-injection-db-cursor-execute	python/django/security/injection/sql/sql-injection-using-db-cursor-execute.yaml
python.django.security.injection.sql.sql-injection-using-raw.sql-injection-using-raw	python/django/security/injection/sql/sql-injection-using-raw.yaml
python.django.security.injection.ssrf.ssrf-injection-requests.ssrf-injection-requests	python/django/security/injection/ssrf/ssrf-injection-requests.yaml
python.django.security.injection.ssrf.ssrf-injection-urllib.ssrf-injection-urllib	python/django/security/injection/ssrf/ssrf-injection-urllib.yaml
python.django.security.injection.tainted-sql-string.tainted-sql-string	python/django/security/injection/tainted-sql-string.yaml
python.django.security.injection.tainted-url-host.tainted-url-host	python/django/security/injection/tainted-url-host.yaml
python.django.security.locals-as-template-context.locals-as-template-context	python/django/security/locals-as-template-context.yaml
python.django.security.nan-injection.nan-injection	python/django/security/nan-injection.yaml
python.django.security.passwords.password-empty-string.password-empty-string	python/django/security/passwords/password-empty-string.yaml
python.django.security.passwords.use-none-for-password-default.use-none-for-password-default	python/django/security/passwords/use-none-for-password-default.yaml
python.docker.security.audit.docker-arbitrary-container-run.docker-arbitrary-container-run	python/docker/security/audit/docker-arbitrary-container-run.yaml
python.fastapi.security.wildcard-cors.wildcard-cors	python/fastapi/security/wildcard-cors.yaml
python.flask.caching.query-string.flask-cache-query-string	python/flask/caching/query-string.yaml
python.flask.security.audit.app-run-param-config.avoid_app_run_with_bad_host	python/flask/security/audit/app-run-param-config.yaml
python.flask.security.audit.app-run-security-config.avoid_using_app_run_directly	python/flask/security/audit/app-run-security-config.yaml
python.flask.security.audit.debug-enabled.debug-enabled	python/flask/security/audit/debug-enabled.yaml
python.flask.security.audit.directly-returned-format-string.directly-returned-format-string	python/flask/security/audit/directly-returned-format-string.yaml
python.flask.security.audit.flask-url-for-external-true.flask-url-for-external-true	python/flask/security/audit/flask-url-for-external-true.yaml
python.flask.security.audit.hardcoded-config.avoid_hardcoded_config_DEBUG	python/flask/security/audit/hardcoded-config.yaml
python.flask.security.audit.hardcoded-config.avoid_hardcoded_config_ENV	python/flask/security/audit/hardcoded-config.yaml
python.flask.security.audit.hardcoded-config.avoid_hardcoded_config_SECRET_KEY	python/flask/security/audit/hardcoded-config.yaml
python.flask.security.audit.hardcoded-config.avoid_hardcoded_config_TESTING	python/flask/security/audit/hardcoded-config.yaml
python.flask.security.audit.render-template-string.render-template-string	python/flask/security/audit/render-template-string.yaml
python.flask.security.audit.secure-set-cookie.secure-set-cookie	python/flask/security/audit/secure-set-cookie.yaml
python.flask.security.audit.wtf-csrf-disabled.flask-wtf-csrf-disabled	python/flask/security/audit/wtf-csrf-disabled.yaml
python.flask.security.audit.xss.make-response-with-unknown-content.make-response-with-unknown-content	python/flask/security/audit/xss/make-response-with-unknown-content.yaml
python.flask.security.dangerous-template-string.dangerous-template-string	python/flask/security/dangerous-template-string.yaml
python.flask.security.flask-api-method-string-format.flask-api-method-string-format	python/flask/security/flask-api-method-string-format.yaml
python.flask.security.hashids-with-flask-secret.hashids-with-flask-secret	python/flask/security/hashids-with-flask-secret.yaml
python.flask.security.injection.nan-injection.nan-injection	python/flask/security/injection/nan-injection.yaml
python.flask.security.injection.os-system-injection.os-system-injection	python/flask/security/injection/os-system-injection.yaml
python.flask.security.injection.path-traversal-open.path-traversal-open	python/flask/security/injection/path-traversal-open.yaml
python.flask.security.injection.raw-html-concat.raw-html-format	python/flask/security/injection/raw-html-concat.yaml
python.flask.security.injection.ssrf-requests.ssrf-requests	python/flask/security/injection/ssrf-requests.yaml
python.flask.security.injection.subprocess-injection.subprocess-injection	python/flask/security/injection/subprocess-injection.yaml
python.flask.security.injection.tainted-sql-string.tainted-sql-string	python/flask/security/injection/tainted-sql-string.yaml
python.flask.security.injection.tainted-url-host.tainted-url-host	python/flask/security/injection/tainted-url-host.yaml
python.flask.security.injection.user-eval.eval-injection	python/flask/security/injection/user-eval.yaml
python.flask.security.injection.user-exec.exec-injection	python/flask/security/injection/user-exec.yaml
python.flask.security.insecure-deserialization.insecure-deserialization	python/flask/security/insecure-deserialization.yaml
python.flask.security.open-redirect.open-redirect	python/flask/security/open-redirect.yaml
python.flask.security.secure-static-file-serve.avoid_send_file_without_path_sanitization	python/flask/security/secure-static-file-serve.yaml
python.flask.security.unescaped-template-extension.unescaped-template-extension	python/flask/security/unescaped-template-extension.yaml
python.flask.security.unsanitized-input.response-contains-unsanitized-input	python/flask/security/unsanitized-input.yaml
python.flask.security.xss.audit.direct-use-of-jinja2.direct-use-of-jinja2	python/flask/security/xss/audit/direct-use-of-jinja2.yaml
python.flask.security.xss.audit.explicit-unescape-with-markup.explicit-unescape-with-markup	python/flask/security/xss/audit/explicit-unescape-with-markup.yaml
python.flask.security.xss.audit.template-autoescape-off.template-autoescape-off	python/flask/security/xss/audit/template-autoescape-off.yaml
python.jwt.security.audit.jwt-exposed-data.jwt-python-exposed-data	python/jwt/security/audit/jwt-exposed-data.yaml
python.jwt.security.jwt-exposed-credentials.jwt-python-exposed-credentials	python/jwt/security/jwt-exposed-credentials.yaml
python.jwt.security.jwt-hardcode.jwt-python-hardcoded-secret	python/jwt/security/jwt-hardcode.yaml
python.jwt.security.jwt-none-alg.jwt-python-none-alg	python/jwt/security/jwt-none-alg.yaml
python.jwt.security.unverified-jwt-decode.unverified-jwt-decode	python/jwt/security/unverified-jwt-decode.yaml
python.lang.compatibility.python36.python36-compatibility-Popen1	python/lang/compatibility/python36.yaml
python.lang.compatibility.python36.python36-compatibility-Popen2	python/lang/compatibility/python36.yaml
python.lang.compatibility.python36.python36-compatibility-ssl	python/lang/compatibility/python36.yaml
python.lang.compatibility.python37.python37-compatibility-httpconn	python/lang/compatibility/python37.yaml
python.lang.compatibility.python37.python37-compatibility-httpsconn	python/lang/compatibility/python37.yaml
python.lang.compatibility.python37.python37-compatibility-importlib	python/lang/compatibility/python37.yaml
python.lang.compatibility.python37.python37-compatibility-importlib2	python/lang/compatibility/python37.yaml
python.lang.compatibility.python37.python37-compatibility-importlib3	python/lang/compatibility/python37.yaml
python.lang.compatibility.python37.python37-compatibility-ipv4network1	python/lang/compatibility/python37.yaml
python.lang.compatibility.python37.python37-compatibility-ipv4network2	python/lang/compatibility/python37.yaml
python.lang.compatibility.python37.python37-compatibility-ipv6network1	python/lang/compatibility/python37.yaml
python.lang.compatibility.python37.python37-compatibility-ipv6network2	python/lang/compatibility/python37.yaml
python.lang.compatibility.python37.python37-compatibility-locale1	python/lang/compatibility/python37.yaml
python.lang.compatibility.python37.python37-compatibility-math1	python/lang/compatibility/python37.yaml
python.lang.compatibility.python37.python37-compatibility-multiprocess1	python/lang/compatibility/python37.yaml
python.lang.compatibility.python37.python37-compatibility-multiprocess2	python/lang/compatibility/python37.yaml
python.lang.compatibility.python37.python37-compatibility-os1	python/lang/compatibility/python37.yaml
python.lang.compatibility.python37.python37-compatibility-os2-ok2	python/lang/compatibility/python37.yaml
python.lang.compatibility.python37.python37-compatibility-pdb	python/lang/compatibility/python37.yaml
python.lang.compatibility.python37.python37-compatibility-textiowrapper	python/lang/compatibility/python37.yaml
python.lang.security.audit.conn_recv.multiprocessing-recv	python/lang/security/audit/conn_recv.yaml
python.lang.security.audit.dangerous-annotations-usage.dangerous-annotations-usage	python/lang/security/audit/dangerous-annotations-usage.yaml
python.lang.security.audit.dynamic-urllib-use-detected.dynamic-urllib-use-detected	python/lang/security/audit/dynamic-urllib-use-detected.yaml
python.lang.security.audit.eval-detected.eval-detected	python/lang/security/audit/eval-detected.yaml
python.lang.security.audit.exec-detected.exec-detected	python/lang/security/audit/exec-detected.yaml
python.lang.security.audit.formatted-sql-query.formatted-sql-query	python/lang/security/audit/formatted-sql-query.yaml
python.lang.security.audit.hardcoded-password-default-argument.hardcoded-password-default-argument	python/lang/security/audit/hardcoded-password-default-argument.yaml
python.lang.security.audit.httpsconnection-detected.httpsconnection-detected	python/lang/security/audit/httpsconnection-detected.yaml
python.lang.security.audit.insecure-file-permissions.insecure-file-permissions	python/lang/security/audit/insecure-file-permissions.yaml
python.lang.security.audit.insecure-transport.ftplib.use-ftp-tls.use-ftp-tls	python/lang/security/audit/insecure-transport/ftplib/use-ftp-tls.yaml
python.lang.security.audit.insecure-transport.requests.request-session-http-in-with-context.request-session-http-in-with-context	python/lang/security/audit/insecure-transport/requests/request-session-http-in-with-context.yaml
python.lang.security.audit.insecure-transport.requests.request-session-with-http.request-session-with-http	python/lang/security/audit/insecure-transport/requests/request-session-with-http.yaml
python.lang.security.audit.insecure-transport.requests.request-with-http.request-with-http	python/lang/security/audit/insecure-transport/requests/request-with-http.yaml
python.lang.security.audit.insecure-transport.ssl.no-set-ciphers.no-set-ciphers	python/lang/security/audit/insecure-transport/ssl/no-set-ciphers.yaml
python.lang.security.audit.insecure-transport.urllib.insecure-openerdirector-open-ftp.insecure-openerdirector-open-ftp	python/lang/security/audit/insecure-transport/urllib/insecure-openerdirector-open-ftp.yaml
python.lang.security.audit.insecure-transport.urllib.insecure-openerdirector-open.insecure-openerdirector-open	python/lang/security/audit/insecure-transport/urllib/insecure-openerdirector-open.yaml
python.lang.security.audit.insecure-transport.urllib.insecure-request-object-ftp.insecure-request-object-ftp	python/lang/security/audit/insecure-transport/urllib/insecure-request-object-ftp.yaml
python.lang.security.audit.insecure-transport.urllib.insecure-request-object.insecure-request-object	python/lang/security/audit/insecure-transport/urllib/insecure-request-object.yaml
python.lang.security.audit.insecure-transport.urllib.insecure-urlopen-ftp.insecure-urlopen-ftp	python/lang/security/audit/insecure-transport/urllib/insecure-urlopen-ftp.yaml
python.lang.security.audit.insecure-transport.urllib.insecure-urlopen.insecure-urlopen	python/lang/security/audit/insecure-transport/urllib/insecure-urlopen.yaml
python.lang.security.audit.insecure-transport.urllib.insecure-urlopener-open-ftp.insecure-urlopener-open-ftp	python/lang/security/audit/insecure-transport/urllib/insecure-urlopener-open-ftp.yaml
python.lang.security.audit.insecure-transport.urllib.insecure-urlopener-open.insecure-urlopener-open	python/lang/security/audit/insecure-transport/urllib/insecure-urlopener-open.yaml
python.lang.security.audit.insecure-transport.urllib.insecure-urlopener-retrieve-ftp.insecure-urlopener-retrieve-ftp	python/lang/security/audit/insecure-transport/urllib/insecure-urlopener-retrieve-ftp.yaml
python.lang.security.audit.insecure-transport.urllib.insecure-urlopener-retrieve.insecure-urlopener-retrieve	python/lang/security/audit/insecure-transport/urllib/insecure-urlopener-retrieve.yaml
python.lang.security.audit.insecure-transport.urllib.insecure-urlretrieve-ftp.insecure-urlretrieve-ftp	python/lang/security/audit/insecure-transport/urllib/insecure-urlretrieve-ftp.yaml
python.lang.security.audit.insecure-transport.urllib.insecure-urlretrieve.insecure-urlretrieve	python/lang/security/audit/insecure-transport/urllib/insecure-urlretrieve.yaml
python.lang.security.audit.logging.listeneval.listen-eval	python/lang/security/audit/logging/listeneval.yaml
python.lang.security.audit.logging.logger-credential-leak.python-logger-credential-disclosure	python/lang/security/audit/logging/logger-credential-leak.yaml
python.lang.security.audit.mako-templates-detected.mako-templates-detected	python/lang/security/audit/mako-templates-detected.yaml
python.lang.security.audit.marshal.marshal-usage	python/lang/security/audit/marshal.yaml
python.lang.security.audit.md5-used-as-password.md5-used-as-password	python/lang/security/audit/md5-used-as-password.yaml
python.lang.security.audit.network.bind.avoid-bind-to-all-interfaces	python/lang/security/audit/network/bind.yaml
python.lang.security.audit.network.disabled-cert-validation.disabled-cert-validation	python/lang/security/audit/network/disabled-cert-validation.yaml
python.lang.security.audit.network.http-not-https-connection.http-not-https-connection	python/lang/security/audit/network/http-not-https-connection.yaml
python.lang.security.audit.non-literal-import.non-literal-import	python/lang/security/audit/non-literal-import.yaml
python.lang.security.audit.paramiko-implicit-trust-host-key.paramiko-implicit-trust-host-key	python/lang/security/audit/paramiko-implicit-trust-host-key.yaml
python.lang.security.audit.paramiko.paramiko-exec-command.paramiko-exec-command	python/lang/security/audit/paramiko/paramiko-exec-command.yaml
python.lang.security.audit.python-reverse-shell.python-reverse-shell	python/lang/security/audit/python-reverse-shell.yaml
python.lang.security.audit.sha224-hash.sha224-hash	python/lang/security/audit/sha224-hash.yaml
python.lang.security.audit.sqli.aiopg-sqli.aiopg-sqli	python/lang/security/audit/sqli/aiopg-sqli.yaml
python.lang.security.audit.sqli.asyncpg-sqli.asyncpg-sqli	python/lang/security/audit/sqli/asyncpg-sqli.yaml
python.lang.security.audit.sqli.pg8000-sqli.pg8000-sqli	python/lang/security/audit/sqli/pg8000-sqli.yaml
python.lang.security.audit.sqli.psycopg-sqli.psycopg-sqli	python/lang/security/audit/sqli/psycopg-sqli.yaml
python.lang.security.audit.ssl-wrap-socket-is-deprecated.ssl-wrap-socket-is-deprecated	python/lang/security/audit/ssl-wrap-socket-is-deprecated.yaml
python.lang.security.audit.subprocess-shell-true.subprocess-shell-true	python/lang/security/audit/subprocess-shell-true.yaml
python.lang.security.audit.system-wildcard-detected.system-wildcard-detected	python/lang/security/audit/system-wildcard-detected.yaml
python.lang.security.audit.telnetlib.telnetlib	python/lang/security/audit/telnetlib.yaml
python.lang.security.audit.weak-ssl-version.weak-ssl-version	python/lang/security/audit/weak-ssl-version.yaml
python.lang.security.dangerous-code-run.dangerous-interactive-code-run	python/lang/security/dangerous-code-run.yaml
python.lang.security.dangerous-globals-use.dangerous-globals-use	python/lang/security/dangerous-globals-use.yaml
python.lang.security.dangerous-os-exec.dangerous-os-exec	python/lang/security/dangerous-os-exec.yaml
python.lang.security.dangerous-spawn-process.dangerous-spawn-process	python/lang/security/dangerous-spawn-process.yaml
python.lang.security.dangerous-subinterpreters-run-string.dangerous-subinterpreters-run-string	python/lang/security/dangerous-subinterpreters-run-string.yaml
python.lang.security.dangerous-subprocess-use.dangerous-subprocess-use	python/lang/security/dangerous-subprocess-use.yaml
python.lang.security.dangerous-system-call.dangerous-system-call	python/lang/security/dangerous-system-call.yaml
python.lang.security.dangerous-testcapi-run-in-subinterp.dangerous-testcapi-run-in-subinterp	python/lang/security/dangerous-testcapi-run-in-subinterp.yaml
python.lang.security.deserialization.avoid-jsonpickle.avoid-jsonpickle	python/lang/security/deserialization/avoid-jsonpickle.yaml
python.lang.security.deserialization.avoid-pyyaml-load.avoid-pyyaml-load	python/lang/security/deserialization/avoid-pyyaml-load.yaml
python.lang.security.deserialization.avoid-unsafe-ruamel.avoid-unsafe-ruamel	python/lang/security/deserialization/avoid-unsafe-ruamel.yaml
python.lang.security.deserialization.pickle.avoid-cPickle	python/lang/security/deserialization/pickle.yaml
python.lang.security.deserialization.pickle.avoid-dill	python/lang/security/deserialization/pickle.yaml
python.lang.security.deserialization.pickle.avoid-pickle	python/lang/security/deserialization/pickle.yaml
python.lang.security.deserialization.pickle.avoid-shelve	python/lang/security/deserialization/pickle.yaml
python.lang.security.insecure-hash-algorithms.insecure-hash-algorithm-sha1	python/lang/security/insecure-hash-algorithms.yaml
python.lang.security.insecure-hash-function.insecure-hash-function	python/lang/security/insecure-hash-function.yaml
python.lang.security.insecure-uuid-version.insecure-uuid-version	python/lang/security/insecure-uuid-version.yaml
python.lang.security.unverified-ssl-context.unverified-ssl-context	python/lang/security/unverified-ssl-context.yaml
python.lang.security.use-defused-xml-parse.use-defused-xml-parse	python/lang/security/use-defused-xml-parse.yaml
python.lang.security.use-defused-xmlrpc.use-defused-xmlrpc	python/lang/security/use-defused-xmlrpc.yaml
python.pycryptodome.security.insecure-cipher-algorithm-blowfish.insecure-cipher-algorithm-blowfish	python/pycryptodome/security/insecure-cipher-algorithm-blowfish.yaml
python.pycryptodome.security.insecure-cipher-algorithm-des.insecure-cipher-algorithm-des	python/pycryptodome/security/insecure-cipher-algorithm-des.yaml
python.pycryptodome.security.insecure-cipher-algorithm-rc2.insecure-cipher-algorithm-rc2	python/pycryptodome/security/insecure-cipher-algorithm-rc2.yaml
python.pycryptodome.security.insecure-cipher-algorithm-rc4.insecure-cipher-algorithm-rc4	python/pycryptodome/security/insecure-cipher-algorithm-rc4.yaml
python.pycryptodome.security.insecure-cipher-algorithm.insecure-cipher-algorithm-xor	python/pycryptodome/security/insecure-cipher-algorithm.yaml
python.pycryptodome.security.insecure-hash-algorithm-md2.insecure-hash-algorithm-md2	python/pycryptodome/security/insecure-hash-algorithm-md2.yaml
python.pycryptodome.security.insecure-hash-algorithm-md4.insecure-hash-algorithm-md4	python/pycryptodome/security/insecure-hash-algorithm-md4.yaml
python.pycryptodome.security.insecure-hash-algorithm-md5.insecure-hash-algorithm-md5	python/pycryptodome/security/insecure-hash-algorithm-md5.yaml
python.pycryptodome.security.insecure-hash-algorithm.insecure-hash-algorithm-sha1	python/pycryptodome/security/insecure-hash-algorithm.yaml
python.pycryptodome.security.insufficient-dsa-key-size.insufficient-dsa-key-size	python/pycryptodome/security/insufficient-dsa-key-size.yaml
python.pycryptodome.security.insufficient-rsa-key-size.insufficient-rsa-key-size	python/pycryptodome/security/insufficient-rsa-key-size.yaml
python.pymongo.security.mongodb.mongo-client-bad-auth	python/pymongo/security/mongodb.yaml
python.pyramid.security.direct-use-of-response.pyramid-direct-use-of-response	python/pyramid/security/direct-use-of-response.yaml
python.pyramid.security.sqlalchemy-sql-injection.pyramid-sqlalchemy-sql-injection	python/pyramid/security/sqlalchemy-sql-injection.yaml
python.requests.security.disabled-cert-validation.disabled-cert-validation	python/requests/security/disabled-cert-validation.yaml
python.requests.security.no-auth-over-http.no-auth-over-http	python/requests/security/no-auth-over-http.yaml
python.sh.security.string-concat.string-concat	python/sh/security/string-concat.yaml
python.sqlalchemy.performance.performance-improvements.batch-import	python/sqlalchemy/performance/performance-improvements.yaml
python.sqlalchemy.performance.performance-improvements.len-all-count	python/sqlalchemy/performance/performance-improvements.yaml
python.sqlalchemy.security.audit.avoid-sqlalchemy-text.avoid-sqlalchemy-text	python/sqlalchemy/security/audit/avoid-sqlalchemy-text.yaml
python.sqlalchemy.security.sqlalchemy-execute-raw-query.sqlalchemy-execute-raw-query	python/sqlalchemy/security/sqlalchemy-execute-raw-query.yaml
python.sqlalchemy.security.sqlalchemy-sql-injection.sqlalchemy-sql-injection	python/sqlalchemy/security/sqlalchemy-sql-injection.yaml
python.twilio.security.twiml-injection.twiml-injection	python/twilio/security/twiml-injection.yaml
ruby.aws-lambda.security.activerecord-sqli.activerecord-sqli	ruby/aws-lambda/security/activerecord-sqli.yaml
ruby.aws-lambda.security.mysql2-sqli.mysql2-sqli	ruby/aws-lambda/security/mysql2-sqli.yaml
ruby.aws-lambda.security.pg-sqli.pg-sqli	ruby/aws-lambda/security/pg-sqli.yaml
ruby.aws-lambda.security.sequel-sqli.sequel-sqli	ruby/aws-lambda/security/sequel-sqli.yaml
ruby.aws-lambda.security.tainted-deserialization.tainted-deserialization	ruby/aws-lambda/security/tainted-deserialization.yaml
ruby.aws-lambda.security.tainted-sql-string.tainted-sql-string	ruby/aws-lambda/security/tainted-sql-string.yaml
ruby.jwt.security.audit.jwt-decode-without-verify.ruby-jwt-decode-without-verify	ruby/jwt/security/audit/jwt-decode-without-verify.yaml
ruby.jwt.security.audit.jwt-exposed-data.ruby-jwt-exposed-data	ruby/jwt/security/audit/jwt-exposed-data.yaml
ruby.jwt.security.jwt-exposed-credentials.ruby-jwt-exposed-credentials	ruby/jwt/security/jwt-exposed-credentials.yaml
ruby.jwt.security.jwt-hardcode.ruby-jwt-hardcoded-secret	ruby/jwt/security/jwt-hardcode.yaml
ruby.jwt.security.jwt-none-alg.ruby-jwt-none-alg	ruby/jwt/security/jwt-none-alg.yaml
ruby.lang.security.audit.sha224-hash.sha224-hash	ruby/lang/security/audit/sha224-hash.yaml
ruby.lang.security.bad-deserialization.bad-deserialization	ruby/lang/security/bad-deserialization.yaml
ruby.lang.security.cookie-serialization.cookie-serialization	ruby/lang/security/cookie-serialization.yaml
ruby.lang.security.create-with.create-with	ruby/lang/security/create-with.yaml
ruby.lang.security.dangerous-exec.dangerous-exec	ruby/lang/security/dangerous-exec.yaml
ruby.lang.security.dangerous-open.dangerous-open	ruby/lang/security/dangerous-open.yaml
ruby.lang.security.dangerous-open3-pipeline.dangerous-open3-pipeline	ruby/lang/security/dangerous-open3-pipeline.yaml
ruby.lang.security.dangerous-subshell.dangerous-subshell	ruby/lang/security/dangerous-subshell.yaml
ruby.lang.security.dangerous-syscall.dangerous-syscall	ruby/lang/security/dangerous-syscall.yaml
ruby.lang.security.divide-by-zero.divide-by-zero	ruby/lang/security/divide-by-zero.yaml
ruby.lang.security.file-disclosure.file-disclosure	ruby/lang/security/file-disclosure.yaml
ruby.lang.security.force-ssl-false.force-ssl-false	ruby/lang/security/force-ssl-false.yaml
ruby.lang.security.hardcoded-http-auth-in-controller.hardcoded-http-auth-in-controller	ruby/lang/security/hardcoded-http-auth-in-controller.yaml
ruby.lang.security.hardcoded-secret-rsa-passphrase.hardcoded-secret-rsa-passphrase	ruby/lang/security/hardcoded-secret-rsa-passphrase.yaml
ruby.lang.security.insufficient-rsa-key-size.insufficient-rsa-key-size	ruby/lang/security/insufficient-rsa-key-size.yaml
ruby.lang.security.json-entity-escape.json-entity-escape	ruby/lang/security/json-entity-escape.yaml
ruby.lang.security.mass-assignment-protection-disabled.mass-assignment-protection-disabled	ruby/lang/security/mass-assignment-protection-disabled.yaml
ruby.lang.security.md5-used-as-password.md5-used-as-password	ruby/lang/security/md5-used-as-password.yaml
ruby.lang.security.missing-csrf-protection.missing-csrf-protection	ruby/lang/security/missing-csrf-protection.yaml
ruby.lang.security.model-attr-accessible.model-attr-accessible	ruby/lang/security/model-attr-accessible.yaml
ruby.lang.security.model-attributes-attr-accessible.model-attributes-attr-accessible	ruby/lang/security/model-attributes-attr-accessible.yaml
ruby.lang.security.no-eval.ruby-eval	ruby/lang/security/no-eval.yaml
ruby.lang.security.no-send.bad-send	ruby/lang/security/no-send.yaml
ruby.lang.security.ssl-mode-no-verify.ssl-mode-no-verify	ruby/lang/security/ssl-mode-no-verify.yaml
ruby.lang.security.unprotected-mass-assign.mass-assignment-vuln	ruby/lang/security/unprotected-mass-assign.yaml
ruby.lang.security.weak-hashes-md5.weak-hashes-md5	ruby/lang/security/weak-hashes-md5.yaml
ruby.lang.security.weak-hashes-sha1.weak-hashes-sha1	ruby/lang/security/weak-hashes-sha1.yaml
ruby.rails.security.audit.avoid-session-manipulation.avoid-session-manipulation	ruby/rails/security/audit/avoid-session-manipulation.yaml
ruby.rails.security.audit.avoid-tainted-file-access.avoid-tainted-file-access	ruby/rails/security/audit/avoid-tainted-file-access.yaml
ruby.rails.security.audit.avoid-tainted-ftp-call.avoid-tainted-ftp-call	ruby/rails/security/audit/avoid-tainted-ftp-call.yaml
ruby.rails.security.audit.avoid-tainted-http-request.avoid-tainted-http-request	ruby/rails/security/audit/avoid-tainted-http-request.yaml
ruby.rails.security.audit.avoid-tainted-shell-call.avoid-tainted-shell-call	ruby/rails/security/audit/avoid-tainted-shell-call.yaml
ruby.rails.security.audit.detailed-exceptions.detailed-exceptions	ruby/rails/security/audit/detailed-exceptions.yaml
ruby.rails.security.audit.rails-skip-forgery-protection.rails-skip-forgery-protection	ruby/rails/security/audit/rails-skip-forgery-protection.yaml
ruby.rails.security.audit.sqli.ruby-pg-sqli.ruby-pg-sqli	ruby/rails/security/audit/sqli/ruby-pg-sqli.yaml
ruby.rails.security.audit.xss.avoid-content-tag.avoid-content-tag	ruby/rails/security/audit/xss/avoid-content-tag.yaml
ruby.rails.security.audit.xss.avoid-default-routes.avoid-default-routes	ruby/rails/security/audit/xss/avoid-default-routes.yaml
ruby.rails.security.audit.xss.avoid-html-safe.avoid-html-safe	ruby/rails/security/audit/xss/avoid-html-safe.yaml
ruby.rails.security.audit.xss.avoid-link-to.avoid-link-to	ruby/rails/security/audit/xss/avoid-link-to.yaml
ruby.rails.security.audit.xss.avoid-raw.avoid-raw	ruby/rails/security/audit/xss/avoid-raw.yaml
ruby.rails.security.audit.xss.avoid-redirect.avoid-redirect	ruby/rails/security/audit/xss/avoid-redirect.yaml
ruby.rails.security.audit.xss.avoid-render-dynamic-path.avoid-render-dynamic-path	ruby/rails/security/audit/xss/avoid-render-dynamic-path.yaml
ruby.rails.security.audit.xss.avoid-render-inline.avoid-render-inline	ruby/rails/security/audit/xss/avoid-render-inline.yaml
ruby.rails.security.audit.xss.avoid-render-text.avoid-render-text	ruby/rails/security/audit/xss/avoid-render-text.yaml
ruby.rails.security.audit.xss.manual-template-creation.manual-template-creation	ruby/rails/security/audit/xss/manual-template-creation.yaml
ruby.rails.security.audit.xss.templates.alias-for-html-safe.alias-for-html-safe	ruby/rails/security/audit/xss/templates/alias-for-html-safe.yaml
ruby.rails.security.audit.xss.templates.avoid-content-tag.avoid-content-tag	ruby/rails/security/audit/xss/templates/avoid-content-tag.yaml
ruby.rails.security.audit.xss.templates.avoid-html-safe.avoid-html-safe	ruby/rails/security/audit/xss/templates/avoid-html-safe.yaml
ruby.rails.security.audit.xss.templates.avoid-raw.avoid-raw	ruby/rails/security/audit/xss/templates/avoid-raw.yaml
ruby.rails.security.audit.xss.templates.unquoted-attribute.unquoted-attribute	ruby/rails/security/audit/xss/templates/unquoted-attribute.yaml
ruby.rails.security.audit.xss.templates.var-in-href.var-in-href	ruby/rails/security/audit/xss/templates/var-in-href.yaml
ruby.rails.security.audit.xss.templates.var-in-script-tag.var-in-script-tag	ruby/rails/security/audit/xss/templates/var-in-script-tag.yaml
ruby.rails.security.brakeman.check-redirect-to.check-redirect-to	ruby/rails/security/brakeman/check-redirect-to.yaml
ruby.rails.security.brakeman.check-regex-dos.check-regex-dos	ruby/rails/security/brakeman/check-regex-dos.yaml
ruby.rails.security.brakeman.check-render-local-file-include.check-render-local-file-include	ruby/rails/security/brakeman/check-render-local-file-include.yaml
ruby.rails.security.brakeman.check-send-file.check-send-file	ruby/rails/security/brakeman/check-send-file.yaml
ruby.rails.security.brakeman.check-sql.check-sql	ruby/rails/security/brakeman/check-sql.yaml
ruby.rails.security.brakeman.check-unsafe-reflection-methods.check-unsafe-reflection-methods	ruby/rails/security/brakeman/check-unsafe-reflection-methods.yaml
ruby.rails.security.brakeman.check-unsafe-reflection.check-unsafe-reflection	ruby/rails/security/brakeman/check-unsafe-reflection.yaml
ruby.rails.security.brakeman.check-unscoped-find.check-unscoped-find	ruby/rails/security/brakeman/check-unscoped-find.yaml
ruby.rails.security.injection.raw-html-format.raw-html-format	ruby/rails/security/injection/raw-html-format.yaml
ruby.rails.security.injection.tainted-sql-string.tainted-sql-string	ruby/rails/security/injection/tainted-sql-string.yaml
ruby.rails.security.injection.tainted-url-host.tainted-url-host	ruby/rails/security/injection/tainted-url-host.yaml
rust.lang.security.reqwest-accept-invalid.reqwest-accept-invalid	rust/lang/security/reqwest-accept-invalid.yml
rust.lang.security.rustls-dangerous.rustls-dangerous	rust/lang/security/rustls-dangerous.yml
rust.lang.security.ssl-verify-none.ssl-verify-none	rust/lang/security/ssl-verify-none.yml
scala.jwt-scala.security.jwt-scala-hardcode.jwt-scala-hardcode	scala/jwt-scala/security/jwt-scala-hardcode.yaml
scala.lang.security.audit.dangerous-seq-run.dangerous-seq-run	scala/lang/security/audit/dangerous-seq-run.yaml
scala.lang.security.audit.dangerous-shell-run.dangerous-shell-run	scala/lang/security/audit/dangerous-shell-run.yaml
scala.lang.security.audit.dispatch-ssrf.dispatch-ssrf	scala/lang/security/audit/dispatch-ssrf.yaml
scala.lang.security.audit.documentbuilder-dtd-enabled.documentbuilder-dtd-enabled	scala/lang/security/audit/documentbuilder-dtd-enabled.yaml
scala.lang.security.audit.insecure-random.insecure-random	scala/lang/security/audit/insecure-random.yaml
scala.lang.security.audit.io-source-ssrf.io-source-ssrf	scala/lang/security/audit/io-source-ssrf.yaml
scala.lang.security.audit.path-traversal-fromfile.path-traversal-fromfile	scala/lang/security/audit/path-traversal-fromfile.yaml
scala.lang.security.audit.rsa-padding-set.rsa-padding-set	scala/lang/security/audit/rsa-padding-set.yaml
scala.lang.security.audit.sax-dtd-enabled.sax-dtd-enabled	scala/lang/security/audit/sax-dtd-enabled.yaml
scala.lang.security.audit.scala-dangerous-process-run.scala-dangerous-process-run	scala/lang/security/audit/scala-dangerous-process-run.yaml
scala.lang.security.audit.scalac-debug.scalac-debug	scala/lang/security/audit/scalac-debug.yaml
scala.lang.security.audit.scalaj-http-ssrf.scalaj-http-ssrf	scala/lang/security/audit/scalaj-http-ssrf.yaml
scala.lang.security.audit.xmlinputfactory-dtd-enabled.xmlinputfactory-dtd-enabled	scala/lang/security/audit/xmlinputfactory-dtd-enabled.yaml
scala.play.security.conf-insecure-cookie-settings.conf-insecure-cookie-settings	scala/play/security/conf-insecure-cookie-settings.yaml
scala.play.security.tainted-html-response.tainted-html-response	scala/play/security/tainted-html-response.yaml
scala.play.security.tainted-slick-sqli.tainted-slick-sqli	scala/play/security/tainted-slick-sqli.yaml
scala.play.security.tainted-sql-from-http-request.tainted-sql-from-http-request	scala/play/security/tainted-sql-from-http-request.yaml
scala.play.security.webservice-ssrf.webservice-ssrf	scala/play/security/webservice-ssrf.yaml
scala.scala-jwt.security.jwt-hardcode.scala-jwt-hardcoded-secret	scala/scala-jwt/security/jwt-hardcode.yaml
scala.slick.security.scala-slick-overridesql-literal.scala-slick-overrideSql-literal	scala/slick/security/scala-slick-overridesql-literal.yaml
scala.slick.security.scala-slick-sql-non-literal.scala-slick-sql-non-literal	scala/slick/security/scala-slick-sql-non-literal.yaml
solidity.security.balancer-readonly-reentrancy-getpooltokens.balancer-readonly-reentrancy-getpooltokens	solidity/security/balancer-readonly-reentrancy-getpooltokens.yaml
solidity.security.balancer-readonly-reentrancy-getrate.balancer-readonly-reentrancy-getrate	solidity/security/balancer-readonly-reentrancy-getrate.yaml
solidity.security.compound-borrowfresh-reentrancy.compound-borrowfresh-reentrancy	solidity/security/compound-borrowfresh-reentrancy.yaml
solidity.security.compound-sweeptoken-not-restricted.compound-sweeptoken-not-restricted	solidity/security/compound-sweeptoken-not-restricted.yaml
solidity.security.curve-readonly-reentrancy.curve-readonly-reentrancy	solidity/security/curve-readonly-reentrancy.yaml
solidity.security.encode-packed-collision.encode-packed-collision	solidity/security/encode-packed-collision.yaml
solidity.security.erc677-reentrancy.erc677-reentrancy	solidity/security/erc677-reentrancy.yaml
solidity.security.erc721-arbitrary-transferfrom.erc721-arbitrary-transferfrom	solidity/security/erc721-arbitrary-transferfrom.yaml
solidity.security.erc721-reentrancy.erc721-reentrancy	solidity/security/erc721-reentrancy.yaml
solidity.security.erc777-reentrancy.erc777-reentrancy	solidity/security/erc777-reentrancy.yaml
solidity.security.incorrect-use-of-blockhash.incorrect-use-of-blockhash	solidity/security/incorrect-use-of-blockhash.yaml
solidity.security.keeper-network-oracle-manipulation.keeper-network-oracle-manipulation	solidity/security/keeper-network-oracle-manipulation.yaml
solidity.security.missing-self-transfer-check-ercx.missing-self-transfer-check-ercx	solidity/security/missing-self-transfer-check-ercx.yaml
solidity.security.no-bidi-characters.no-bidi-characters	solidity/security/no-bidi-characters.yaml
solidity.security.no-slippage-check.no-slippage-check	solidity/security/no-slippage-check.yaml
solidity.security.proxy-storage-collision.proxy-storage-collision	solidity/security/proxy-storage-collision.yaml
solidity.security.redacted-cartel-custom-approval-bug.redacted-cartel-custom-approval-bug	solidity/security/redacted-cartel-custom-approval-bug.yaml
solidity.security.rigoblock-missing-access-control.rigoblock-missing-access-control	solidity/security/rigoblock-missing-access-control.yaml
solidity.security.sense-missing-oracle-access-control.sense-missing-oracle-access-control	solidity/security/sense-missing-oracle-access-control.yaml
solidity.security.superfluid-ctx-injection.superfluid-ctx-injection	solidity/security/superfluid-ctx-injection.yaml
solidity.security.tecra-coin-burnfrom-bug.tecra-coin-burnfrom-bug	solidity/security/tecra-coin-burnfrom-bug.yaml
swift.lang.storage.sensitive-storage-userdefaults.swift-user-defaults	swift/lang/storage/sensitive-storage-userdefaults.yaml
swift.webview.webview-js-window.swift-webview-config-allows-js-open-windows	swift/webview/webview-js-window.yaml
terraform.aws.security.aws-athena-workgroup-unencrypted.aws-athena-workgroup-unencrypted	terraform/aws/security/aws-athena-workgroup-unencrypted.yaml
terraform.aws.security.aws-backup-vault-unencrypted.aws-backup-vault-unencrypted	terraform/aws/security/aws-backup-vault-unencrypted.yaml
terraform.aws.security.aws-cloudfront-insecure-tls.aws-insecure-cloudfront-distribution-tls-version	terraform/aws/security/aws-cloudfront-insecure-tls.yaml
terraform.aws.security.aws-cloudtrail-encrypted-with-cmk.aws-cloudtrail-encrypted-with-cmk	terraform/aws/security/aws-cloudtrail-encrypted-with-cmk.yaml
terraform.aws.security.aws-cloudwatch-log-group-no-retention.aws-cloudwatch-log-group-no-retention	terraform/aws/security/aws-cloudwatch-log-group-no-retention.yaml
terraform.aws.security.aws-cloudwatch-log-group-unencrypted.aws-cloudwatch-log-group-unencrypted	terraform/aws/security/aws-cloudwatch-log-group-unencrypted.yaml
terraform.aws.security.aws-codebuild-project-artifacts-unencrypted.aws-codebuild-project-artifacts-unencrypted	terraform/aws/security/aws-codebuild-project-artifacts-unencrypted.yaml
terraform.aws.security.aws-codebuild-project-unencrypted.aws-codebuild-project-unencrypted	terraform/aws/security/aws-codebuild-project-unencrypted.yaml
terraform.aws.security.aws-config-aggregator-not-all-regions.aws-config-aggregator-not-all-regions	terraform/aws/security/aws-config-aggregator-not-all-regions.yaml
terraform.aws.security.aws-db-instance-no-logging.aws-db-instance-no-logging	terraform/aws/security/aws-db-instance-no-logging.yaml
terraform.aws.security.aws-docdb-encrypted-with-cmk.aws-docdb-encrypted-with-cmk	terraform/aws/security/aws-docdb-encrypted-with-cmk.yaml
terraform.aws.security.aws-documentdb-auditing-disabled.aws-documentdb-auditing-disabled	terraform/aws/security/aws-documentdb-auditing-disabled.yaml
terraform.aws.security.aws-dynamodb-table-unencrypted.aws-dynamodb-table-unencrypted	terraform/aws/security/aws-dynamodb-table-unencrypted.yaml
terraform.aws.security.aws-ebs-snapshot-encrypted-with-cmk.aws-ebs-snapshot-encrypted-with-cmk	terraform/aws/security/aws-ebs-snapshot-encrypted-with-cmk.yaml
terraform.aws.security.aws-ebs-unencrypted.aws-ebs-unencrypted	terraform/aws/security/aws-ebs-unencrypted.yaml
terraform.aws.security.aws-ebs-volume-encrypted-with-cmk.aws-ebs-volume-encrypted-with-cmk	terraform/aws/security/aws-ebs-volume-encrypted-with-cmk.yaml
terraform.aws.security.aws-ebs-volume-unencrypted.aws-ebs-volume-unencrypted	terraform/aws/security/aws-ebs-volume-unencrypted.yaml
terraform.aws.security.aws-ec2-has-public-ip.aws-ec2-has-public-ip	terraform/aws/security/aws-ec2-has-public-ip.yaml
terraform.aws.security.aws-ec2-launch-template-metadata-service-v1-enabled.aws-ec2-launch-template-metadata-service-v1-enabled	terraform/aws/security/aws-ec2-launch-template-metadata-service-v1-enabled.yaml
terraform.aws.security.aws-ecr-mutable-image-tags.aws-ecr-mutable-image-tags	terraform/aws/security/aws-ecr-mutable-image-tags.yaml
terraform.aws.security.aws-ecr-repository-wildcard-principal.aws-ecr-repository-wildcard-principal	terraform/aws/security/aws-ecr-repository-wildcard-principal.yaml
terraform.aws.security.aws-efs-filesystem-encrypted-with-cmk.aws-efs-filesystem-encrypted-with-cmk	terraform/aws/security/aws-efs-filesystem-encrypted-with-cmk.yaml
terraform.aws.security.aws-elasticsearch-insecure-tls-version.aws-elasticsearch-insecure-tls-version	terraform/aws/security/aws-elasticsearch-insecure-tls-version.yaml
terraform.aws.security.aws-elasticsearch-nodetonode-encryption.aws-elasticsearch-nodetonode-encryption-not-enabled	terraform/aws/security/aws-elasticsearch-nodetonode-encryption.yaml
terraform.aws.security.aws-elb-access-logs-not-enabled.aws-elb-access-logs-not-enabled	terraform/aws/security/aws-elb-access-logs-not-enabled.yaml
terraform.aws.security.aws-emr-encrypted-with-cmk.aws-emr-encrypted-with-cmk	terraform/aws/security/aws-emr-encrypted-with-cmk.yaml
terraform.aws.security.aws-fsx-lustre-files-ystem.aws-fsx-lustre-filesystem-encrypted-with-cmk	terraform/aws/security/aws-fsx-lustre-files-ystem.yaml
terraform.aws.security.aws-fsx-lustre-filesystem-encrypted-with-cmk.aws-fsx-lustre-filesystem-encrypted-with-cmk	terraform/aws/security/aws-fsx-lustre-filesystem-encrypted-with-cmk.yaml
terraform.aws.security.aws-fsx-ontapfs-encrypted-with-cmk.aws-fsx-ontapfs-encrypted-with-cmk	terraform/aws/security/aws-fsx-ontapfs-encrypted-with-cmk.yaml
terraform.aws.security.aws-fsx-windows-encrypted-with-cmk.aws-fsx-windows-encrypted-with-cmk	terraform/aws/security/aws-fsx-windows-encrypted-with-cmk.yaml
terraform.aws.security.aws-glacier-vault-any-principal.aws-glacier-vault-any-principal	terraform/aws/security/aws-glacier-vault-any-principal.yaml
terraform.aws.security.aws-iam-admin-policy-ssoadmin.aws-iam-admin-policy-ssoadmin	terraform/aws/security/aws-iam-admin-policy-ssoadmin.yaml
terraform.aws.security.aws-iam-admin-policy.aws-iam-admin-policy	terraform/aws/security/aws-iam-admin-policy.yaml
terraform.aws.security.aws-imagebuilder-component-encrypted-with-cmk.aws-imagebuilder-component-encrypted-with-cmk	terraform/aws/security/aws-imagebuilder-component-encrypted-with-cmk.yaml
terraform.aws.security.aws-insecure-redshift-ssl-configuration.aws-insecure-redshift-ssl-configuration	terraform/aws/security/aws-insecure-redshift-ssl-configuration.yaml
terraform.aws.security.aws-kinesis-stream-encrypted-with-cmk.aws-kinesis-stream-encrypted-with-cmk	terraform/aws/security/aws-kinesis-stream-encrypted-with-cmk.yaml
terraform.aws.security.aws-kinesis-stream-unencrypted.aws-kinesis-stream-unencrypted	terraform/aws/security/aws-kinesis-stream-unencrypted.yaml
terraform.aws.security.aws-kinesis-video-stream-encrypted-with-cmk.aws-kinesis-video-stream-encrypted-with-cmk	terraform/aws/security/aws-kinesis-video-stream-encrypted-with-cmk.yaml
terraform.aws.security.aws-kms-key-wildcard-principal.aws-kms-key-wildcard-principal	terraform/aws/security/aws-kms-key-wildcard-principal.yaml
terraform.aws.security.aws-kms-no-rotation.aws-kms-no-rotation	terraform/aws/security/aws-kms-no-rotation.yaml
terraform.aws.security.aws-lambda-environment-credentials.aws-lambda-environment-credentials	terraform/aws/security/aws-lambda-environment-credentials.yaml
terraform.aws.security.aws-lambda-environment-unencrypted.aws-lambda-environment-unencrypted	terraform/aws/security/aws-lambda-environment-unencrypted.yaml
terraform.aws.security.aws-lambda-permission-unrestricted-source-arn.aws-lambda-permission-unrestricted-source-arn	terraform/aws/security/aws-lambda-permission-unrestricted-source-arn.yaml
terraform.aws.security.aws-lambda-x-ray-tracing-not-active.aws-lambda-x-ray-tracing-not-active	terraform/aws/security/aws-lambda-x-ray-tracing-not-active.yaml
terraform.aws.security.aws-provider-static-credentials.aws-provider-static-credentials	terraform/aws/security/aws-provider-static-credentials.yaml
terraform.aws.security.aws-rds-backup-no-retention.aws-rds-backup-no-retention	terraform/aws/security/aws-rds-backup-no-retention.yaml
terraform.aws.security.aws-redshift-cluster-encrypted-with-cmk.aws-redshift-cluster-encrypted-with-cmk	terraform/aws/security/aws-redshift-cluster-encrypted-with-cmk.yaml
terraform.aws.security.aws-s3-bucket-object-encrypted-with-cmk.aws-s3-bucket-object-encrypted-with-cmk	terraform/aws/security/aws-s3-bucket-object-encrypted-with-cmk.yaml
terraform.aws.security.aws-s3-object-copy-encrypted-with-cmk.aws-s3-object-copy-encrypted-with-cmk	terraform/aws/security/aws-s3-object-copy-encrypted-with-cmk.yaml
terraform.aws.security.aws-sagemaker-domain-encrypted-with-cmk.aws-sagemaker-domain-encrypted-with-cmk	terraform/aws/security/aws-sagemaker-domain-encrypted-with-cmk.yaml
terraform.aws.security.aws-secretsmanager-secret-unencrypted.aws-secretsmanager-secret-unencrypted	terraform/aws/security/aws-secretsmanager-secret-unencrypted.yaml
terraform.aws.security.aws-sqs-queue-policy-wildcard-principal.aws-sqs-queue-policy-wildcard-principal	terraform/aws/security/aws-sqs-queue-policy-wildcard-principal.yaml
terraform.aws.security.aws-ssm-document-logging-issues.aws-ssm-document-logging-issues	terraform/aws/security/aws-ssm-document-logging-issues.yaml
terraform.aws.security.aws-subnet-has-public-ip-address.aws-subnet-has-public-ip-address	terraform/aws/security/aws-subnet-has-public-ip-address.yaml
terraform.aws.security.aws-timestream-database-encrypted-with-cmk.aws-timestream-database-encrypted-with-cmk	terraform/aws/security/aws-timestream-database-encrypted-with-cmk.yaml
terraform.aws.security.aws-transfer-server-is-public.aws-transfer-server-is-public	terraform/aws/security/aws-transfer-server-is-public.yaml
terraform.aws.security.aws-workspaces-root-volume-unencrypted.aws-workspaces-root-volume-unencrypted	terraform/aws/security/aws-workspaces-root-volume-unencrypted.yaml
terraform.aws.security.aws-workspaces-user-volume-unencrypted.aws-workspaces-user-volume-unencrypted	terraform/aws/security/aws-workspaces-user-volume-unencrypted.yaml
terraform.aws.security.insecure-load-balancer-tls-version.insecure-load-balancer-tls-version	terraform/aws/security/insecure-load-balancer-tls-version.yaml
terraform.aws.security.missing-athena-workgroup-encryption.missing-athena-workgroup-encryption	terraform/aws/security/missing-athena-workgroup-encryption.yaml
terraform.aws.security.unrestricted-github-oidc-policy.unrestricted-github-oidc-policy	terraform/aws/security/unrestricted-github-oidc-policy.yaml
terraform.aws.security.wildcard-assume-role.wildcard-assume-role	terraform/aws/security/wildcard-assume-role.yaml
terraform.azure.security.appservice.appservice-account-identity-registered.appservice-account-identity-registered	terraform/azure/security/appservice/appservice-account-identity-registered.yaml
terraform.azure.security.appservice.appservice-authentication-enabled.appservice-authentication-enabled	terraform/azure/security/appservice/appservice-authentication-enabled.yaml
terraform.azure.security.appservice.appservice-enable-http2.appservice-enable-http2	terraform/azure/security/appservice/appservice-enable-http2.yaml
terraform.azure.security.appservice.appservice-enable-https-only.appservice-enable-https-only	terraform/azure/security/appservice/appservice-enable-https-only.yaml
terraform.azure.security.appservice.appservice-require-client-cert.appservice-require-client-cert	terraform/azure/security/appservice/appservice-require-client-cert.yaml
terraform.azure.security.appservice.appservice-use-secure-tls-policy.appservice-use-secure-tls-policy	terraform/azure/security/appservice/appservice-use-secure-tls-policy.yaml
terraform.azure.security.functionapp.functionapp-authentication-enabled.functionapp-authentication-enabled	terraform/azure/security/functionapp/functionapp-authentication-enabled.yaml
terraform.azure.security.functionapp.functionapp-enable-http2.functionapp-enable-http2	terraform/azure/security/functionapp/functionapp-enable-http2.yaml
terraform.azure.security.keyvault.keyvault-content-type-for-secret.keyvault-content-type-for-secret	terraform/azure/security/keyvault/keyvault-content-type-for-secret.yaml
terraform.azure.security.keyvault.keyvault-ensure-key-expires.keyvault-ensure-key-expires	terraform/azure/security/keyvault/keyvault-ensure-key-expires.yaml
terraform.azure.security.keyvault.keyvault-ensure-secret-expires.keyvault-ensure-secret-expires	terraform/azure/security/keyvault/keyvault-ensure-secret-expires.yaml
terraform.azure.security.keyvault.keyvault-purge-enabled.keyvault-purge-enabled	terraform/azure/security/keyvault/keyvault-purge-enabled.yaml
terraform.azure.security.keyvault.keyvault-specify-network-acl.keyvault-specify-network-acl	terraform/azure/security/keyvault/keyvault-specify-network-acl.yaml
terraform.azure.security.storage.storage-allow-microsoft-service-bypass.storage-allow-microsoft-service-bypass	terraform/azure/security/storage/storage-allow-microsoft-service-bypass.yaml
terraform.azure.security.storage.storage-default-action-deny.storage-default-action-deny	terraform/azure/security/storage/storage-default-action-deny.yaml
terraform.azure.security.storage.storage-enforce-https.storage-enforce-https	terraform/azure/security/storage/storage-enforce-https.yaml
terraform.azure.security.storage.storage-queue-services-logging.storage-queue-services-logging	terraform/azure/security/storage/storage-queue-services-logging.yaml
terraform.azure.security.storage.storage-use-secure-tls-policy.storage-use-secure-tls-policy	terraform/azure/security/storage/storage-use-secure-tls-policy.yaml
terraform.gcp.security.gcp-sql-database-ssl-insecure-value-postgres-mysql.gcp-sql-database-ssl-insecure-value-postgres-mysql	terraform/gcp/security/gcp-sql-database-ssl-insecure-value-postgres-mysql.yaml
terraform.gcp.security.gcp-sql-database-ssl-insecure-value-sqlserver.gcp-sql-database-ssl-insecure-value-sqlserver	terraform/gcp/security/gcp-sql-database-ssl-insecure-value-sqlserver.yaml
terraform.lang.security.ecr-image-scan-on-push.ecr-image-scan-on-push	terraform/lang/security/ecr-image-scan-on-push.yaml
terraform.lang.security.eks-insufficient-control-plane-logging.eks-insufficient-control-plane-logging	terraform/lang/security/eks-insufficient-control-plane-logging.yaml
terraform.lang.security.eks-public-endpoint-enabled.eks-public-endpoint-enabled	terraform/lang/security/eks-public-endpoint-enabled.yaml
terraform.lang.security.elastic-search-encryption-at-rest.elastic-search-encryption-at-rest	terraform/lang/security/elastic-search-encryption-at-rest.yaml
terraform.lang.security.iam.no-iam-admin-privileges.no-iam-admin-privileges	terraform/lang/security/iam/no-iam-admin-privileges.yaml
terraform.lang.security.iam.no-iam-creds-exposure.no-iam-creds-exposure	terraform/lang/security/iam/no-iam-creds-exposure.yaml
terraform.lang.security.iam.no-iam-data-exfiltration.no-iam-data-exfiltration	terraform/lang/security/iam/no-iam-data-exfiltration.yaml
terraform.lang.security.iam.no-iam-priv-esc-funcs.no-iam-priv-esc-funcs	terraform/lang/security/iam/no-iam-priv-esc-funcs.yaml
terraform.lang.security.iam.no-iam-priv-esc-other-users.no-iam-priv-esc-other-users	terraform/lang/security/iam/no-iam-priv-esc-other-users.yaml
terraform.lang.security.iam.no-iam-priv-esc-roles.no-iam-priv-esc-roles	terraform/lang/security/iam/no-iam-priv-esc-roles.yaml
terraform.lang.security.iam.no-iam-resource-exposure.no-iam-resource-exposure	terraform/lang/security/iam/no-iam-resource-exposure.yaml
terraform.lang.security.iam.no-iam-star-actions.no-iam-star-actions	terraform/lang/security/iam/no-iam-star-actions.yaml
terraform.lang.security.rds-insecure-password-storage-in-source-code.rds-insecure-password-storage-in-source-code	terraform/lang/security/rds-insecure-password-storage-in-source-code.yaml
terraform.lang.security.rds-public-access.rds-public-access	terraform/lang/security/rds-public-access.yaml
terraform.lang.security.s3-cors-all-origins.all-origins-allowed	terraform/lang/security/s3-cors-all-origins.yaml
terraform.lang.security.s3-public-read-bucket.s3-public-read-bucket	terraform/lang/security/s3-public-read-bucket.yaml
terraform.lang.security.s3-public-rw-bucket.s3-public-rw-bucket	terraform/lang/security/s3-public-rw-bucket.yaml
terraform.lang.security.s3-unencrypted-bucket.s3-unencrypted-bucket	terraform/lang/security/s3-unencrypted-bucket.yaml
typescript.angular.security.audit.angular-domsanitizer.angular-bypasssecuritytrust	typescript/angular/security/audit/angular-domsanitizer.yaml
typescript.aws-cdk.security.audit.awscdk-bucket-encryption.awscdk-bucket-encryption	typescript/aws-cdk/security/audit/awscdk-bucket-encryption.yml
typescript.aws-cdk.security.audit.awscdk-bucket-enforcessl.aws-cdk-bucket-enforcessl	typescript/aws-cdk/security/audit/awscdk-bucket-enforcessl.yml
typescript.aws-cdk.security.audit.awscdk-sqs-unencryptedqueue.awscdk-sqs-unencryptedqueue	typescript/aws-cdk/security/audit/awscdk-sqs-unencryptedqueue.yml
typescript.aws-cdk.security.awscdk-bucket-grantpublicaccessmethod.awscdk-bucket-grantpublicaccessmethod	typescript/aws-cdk/security/awscdk-bucket-grantpublicaccessmethod.yml
typescript.aws-cdk.security.awscdk-codebuild-project-public.awscdk-codebuild-project-public	typescript/aws-cdk/security/awscdk-codebuild-project-public.yml
typescript.lang.security.audit.cors-regex-wildcard.cors-regex-wildcard	typescript/lang/security/audit/cors-regex-wildcard.yaml
typescript.nestjs.security.audit.nestjs-header-cors-any.nestjs-header-cors-any	typescript/nestjs/security/audit/nestjs-header-cors-any.yaml
typescript.nestjs.security.audit.nestjs-header-xss-disabled.nestjs-header-xss-disabled	typescript/nestjs/security/audit/nestjs-header-xss-disabled.yaml
typescript.nestjs.security.audit.nestjs-open-redirect.nestjs-open-redirect	typescript/nestjs/security/audit/nestjs-open-redirect.yaml
typescript.react.security.audit.react-dangerouslysetinnerhtml.react-dangerouslysetinnerhtml	typescript/react/security/audit/react-dangerouslysetinnerhtml.yaml
typescript.react.security.audit.react-jwt-decoded-property.react-jwt-decoded-property	typescript/react/security/audit/react-jwt-decoded-property.yaml
typescript.react.security.audit.react-jwt-in-localstorage.react-jwt-in-localstorage	typescript/react/security/audit/react-jwt-in-localstorage.yaml
typescript.react.security.audit.react-unsanitized-method.react-unsanitized-method	typescript/react/security/audit/react-unsanitized-method.yaml
typescript.react.security.react-insecure-request.react-insecure-request	typescript/react/security/react-insecure-request.yaml
typescript.react.security.react-markdown-insecure-html.react-markdown-insecure-html	typescript/react/security/react-markdown-insecure-html.yaml
yaml.argo.security.argo-workflow-parameter-command-injection.argo-workflow-parameter-command-injection	yaml/argo/security/argo-workflow-parameter-command-injection.yaml
yaml.docker-compose.security.exposing-docker-socket-volume.exposing-docker-socket-volume	yaml/docker-compose/security/exposing-docker-socket-volume.yaml
yaml.docker-compose.security.no-new-privileges.no-new-privileges	yaml/docker-compose/security/no-new-privileges.yaml
yaml.docker-compose.security.privileged-service.privileged-service	yaml/docker-compose/security/privileged-service.yaml
yaml.docker-compose.security.seccomp-confinement-disabled.seccomp-confinement-disabled	yaml/docker-compose/security/seccomp-confinement-disabled.yaml
yaml.docker-compose.security.selinux-separation-disabled.selinux-separation-disabled	yaml/docker-compose/security/selinux-separation-disabled.yaml
yaml.docker-compose.security.writable-filesystem-service.writable-filesystem-service	yaml/docker-compose/security/writable-filesystem-service.yaml
yaml.github-actions.security.allowed-unsecure-commands.allowed-unsecure-commands	yaml/github-actions/security/allowed-unsecure-commands.yaml
yaml.github-actions.security.curl-eval.curl-eval	yaml/github-actions/security/curl-eval.yaml
yaml.github-actions.security.detect-shai-hulud-backdoor.detect-shai-hulud-backdoor	yaml/github-actions/security/detect-shai-hulud-backdoor.yaml
yaml.github-actions.security.gha-curl-pipe-shell.gha-curl-pipe-shell	yaml/github-actions/security/gha-curl-pipe-shell.yaml
yaml.github-actions.security.gha-workflow-env-secret.gha-workflow-env-secret	yaml/github-actions/security/gha-workflow-env-secret.yaml
yaml.github-actions.security.github-actions-mutable-action-tag.github-actions-mutable-action-tag	yaml/github-actions/security/github-actions-mutable-action-tag.yaml
yaml.github-actions.security.github-script-injection.github-script-injection	yaml/github-actions/security/github-script-injection.yaml
yaml.github-actions.security.pull-request-target-code-checkout.pull-request-target-code-checkout	yaml/github-actions/security/pull-request-target-code-checkout.yaml
yaml.github-actions.security.run-shell-injection.run-shell-injection	yaml/github-actions/security/run-shell-injection.yaml
yaml.github-actions.security.secrets-inherit.secrets-inherit	yaml/github-actions/security/secrets-inherit.yaml
yaml.github-actions.security.workflow-run-target-code-checkout.workflow-run-target-code-checkout	yaml/github-actions/security/workflow-run-target-code-checkout.yaml
yaml.kubernetes.security.allow-privilege-escalation-no-securitycontext.allow-privilege-escalation-no-securitycontext	yaml/kubernetes/security/allow-privilege-escalation-no-securitycontext.yaml
yaml.kubernetes.security.allow-privilege-escalation-true.allow-privilege-escalation-true	yaml/kubernetes/security/allow-privilege-escalation-true.yaml
yaml.kubernetes.security.allow-privilege-escalation.allow-privilege-escalation	yaml/kubernetes/security/allow-privilege-escalation.yaml
yaml.kubernetes.security.env.flask-debugging-enabled.flask-debugging-enabled	yaml/kubernetes/security/env/flask-debugging-enabled.yaml
yaml.kubernetes.security.exposing-docker-socket-hostpath.exposing-docker-socket-hostpath	yaml/kubernetes/security/exposing-docker-socket-hostpath.yaml
yaml.kubernetes.security.hostipc-pod.hostipc-pod	yaml/kubernetes/security/hostipc-pod.yaml
yaml.kubernetes.security.hostnetwork-pod.hostnetwork-pod	yaml/kubernetes/security/hostnetwork-pod.yaml
yaml.kubernetes.security.hostpid-pod.hostpid-pod	yaml/kubernetes/security/hostpid-pod.yaml
yaml.kubernetes.security.legacy-api-clusterrole-excessive-permissions.legacy-api-clusterrole-excessive-permissions	yaml/kubernetes/security/legacy-api-clusterrole-excessive-permissions.yaml
yaml.kubernetes.security.privileged-container.privileged-container	yaml/kubernetes/security/privileged-container.yaml
yaml.kubernetes.security.run-as-non-root.run-as-non-root	yaml/kubernetes/security/run-as-non-root.yaml
yaml.kubernetes.security.seccomp-confinement-disabled.seccomp-confinement-disabled	yaml/kubernetes/security/seccomp-confinement-disabled.yaml
yaml.kubernetes.security.skip-tls-verify-cluster.skip-tls-verify-cluster	yaml/kubernetes/security/skip-tls-verify-cluster.yaml
yaml.kubernetes.security.skip-tls-verify-service.skip-tls-verify-service	yaml/kubernetes/security/skip-tls-verify-service.yaml
yaml.openapi.security.openai-consequential-action-false.openai-consequential-action-false	yaml/openapi/security/openai-consequential-action-false.yaml
yaml.openapi.security.use-of-basic-authentication.use-of-basic-authentication	yaml/openapi/security/use-of-basic-authentication.yaml
